region,date,type,median,mean,sd,lower_20,upper_20,lower_50,upper_50,lower_90,upper_90
1100015,2020-07-08,estimate,0.013,0.013,0.003,0.012,0.014,0.011,0.014,0.009,0.017
1100015,2020-07-09,estimate,0.013,0.013,0.003,0.012,0.014,0.011,0.014,0.009,0.017
1100015,2020-07-10,estimate,0.013,0.013,0.003,0.012,0.014,0.011,0.014,0.009,0.017
1100015,2020-07-11,estimate,0.013,0.013,0.003,0.012,0.013,0.011,0.014,0.009,0.017
1100015,2020-07-12,estimate,0.013,0.013,0.003,0.012,0.014,0.011,0.014,0.009,0.017
1100015,2020-07-13,estimate,0.013,0.013,0.003,0.012,0.014,0.011,0.014,0.009,0.017
1100015,2020-07-14,estimate,0.013,0.013,0.003,0.012,0.014,0.011,0.014,0.008,0.017
1100015,2020-07-15,estimate,0.013,0.013,0.003,0.012,0.014,0.011,0.014,0.008,0.018
1100015,2020-07-16,estimate,0.013,0.013,0.003,0.012,0.013,0.011,0.014,0.008,0.017
1100015,2020-07-17,estimate,0.013,0.013,0.003,0.012,0.013,0.011,0.014,0.008,0.017
1100015,2020-07-18,estimate,0.013,0.013,0.003,0.012,0.014,0.011,0.014,0.008,0.017
1100015,2020-07-19,estimate,0.013,0.013,0.003,0.012,0.013,0.011,0.014,0.007,0.017
1100015,2020-07-20,estimate,0.013,0.012,0.003,0.012,0.013,0.011,0.014,0.008,0.017
1100015,2020-07-21,estimate,0.013,0.012,0.003,0.012,0.014,0.011,0.015,0.008,0.018
1100015,2020-07-22,estimate,0.013,0.012,0.003,0.012,0.013,0.011,0.014,0.008,0.018
1100015,2020-07-23,estimate,0.013,0.012,0.003,0.012,0.013,0.011,0.014,0.008,0.018
1100015,2020-07-24,estimate,0.013,0.012,0.003,0.012,0.014,0.011,0.014,0.008,0.018
1100015,2020-07-25,estimate,0.013,0.012,0.004,0.012,0.014,0.011,0.014,0.007,0.017
1100015,2020-07-26,estimate,0.013,0.012,0.004,0.012,0.014,0.01,0.014,0.008,0.018
1100015,2020-07-27,estimate,0.013,0.012,0.004,0.012,0.014,0.01,0.014,0.007,0.018
1100015,2020-07-28,estimate,0.013,0.012,0.004,0.012,0.013,0.011,0.015,0.007,0.017
1100015,2020-07-29,estimate,0.013,0.012,0.004,0.012,0.013,0.011,0.015,0.007,0.018
1100015,2020-07-30,estimate,0.013,0.012,0.004,0.012,0.013,0.011,0.015,0.007,0.018
1100015,2020-07-31,estimate,0.013,0.012,0.004,0.012,0.013,0.011,0.015,0.007,0.018
1100015,2020-08-01,estimate,0.012,0.012,0.004,0.012,0.013,0.011,0.015,0.007,0.018
1100015,2020-08-02,estimate,0.012,0.012,0.004,0.012,0.013,0.011,0.015,0.007,0.018
1100015,2020-08-03,estimate,0.012,0.012,0.004,0.012,0.013,0.011,0.015,0.007,0.018
1100015,2020-08-04,estimate,0.012,0.012,0.004,0.012,0.013,0.011,0.015,0.007,0.017
1100015,2020-08-05,estimate,0.012,0.012,0.004,0.012,0.013,0.011,0.015,0.007,0.018
1100015,2020-08-06,estimate,0.012,0.012,0.004,0.012,0.013,0.011,0.015,0.007,0.018
1100015,2020-08-07,estimate,0.012,0.012,0.004,0.012,0.013,0.011,0.015,0.007,0.018
1100015,2020-08-08,estimate,0.012,0.012,0.004,0.012,0.013,0.011,0.015,0.007,0.018
1100015,2020-08-09,estimate,0.012,0.012,0.004,0.012,0.013,0.011,0.015,0.006,0.018
1100015,2020-08-10,estimate,0.012,0.012,0.004,0.012,0.013,0.011,0.014,0.006,0.017
1100015,2020-08-11,estimate,0.012,0.012,0.004,0.012,0.013,0.011,0.015,0.006,0.017
1100015,2020-08-12,estimate,0.012,0.012,0.004,0.012,0.014,0.011,0.014,0.006,0.018
1100015,2020-08-13,estimate,0.012,0.012,0.004,0.012,0.014,0.011,0.015,0.005,0.017
1100015,2020-08-14,estimate,0.012,0.012,0.004,0.012,0.013,0.01,0.014,0.005,0.017
1100015,2020-08-15,estimate,0.012,0.012,0.004,0.012,0.014,0.01,0.014,0.005,0.017
1100015,2020-08-16,estimate,0.012,0.012,0.004,0.012,0.014,0.01,0.014,0.006,0.018
1100015,2020-08-17,estimate,0.012,0.012,0.005,0.012,0.014,0.01,0.014,0.005,0.018
1100015,2020-08-18,estimate,0.012,0.012,0.005,0.012,0.014,0.01,0.014,0.005,0.018
1100015,2020-08-19,estimate,0.012,0.012,0.005,0.012,0.013,0.011,0.015,0.005,0.018
1100015,2020-08-20,estimate,0.012,0.012,0.005,0.012,0.013,0.01,0.014,0.006,0.018
1100015,2020-08-21,estimate,0.012,0.012,0.005,0.012,0.013,0.011,0.015,0.005,0.018
1100015,2020-08-22,estimate,0.012,0.012,0.005,0.012,0.013,0.01,0.015,0.005,0.018
1100015,2020-08-23,estimate,0.012,0.012,0.005,0.012,0.013,0.011,0.015,0.005,0.018
1100015,2020-08-24,estimate,0.012,0.012,0.005,0.012,0.013,0.01,0.014,0.005,0.018
1100015,2020-08-25,estimate,0.012,0.012,0.005,0.012,0.013,0.01,0.014,0.006,0.018
1100015,2020-08-26,estimate,0.012,0.012,0.005,0.012,0.013,0.01,0.015,0.006,0.019
1100015,2020-08-27,estimate,0.012,0.012,0.005,0.012,0.013,0.01,0.015,0.006,0.018
1100015,2020-08-28,estimate,0.012,0.012,0.005,0.012,0.013,0.01,0.015,0.006,0.018
1100015,2020-08-29,estimate,0.012,0.012,0.005,0.012,0.013,0.01,0.014,0.006,0.019
1100015,2020-08-30,estimate,0.012,0.012,0.005,0.012,0.013,0.01,0.014,0.005,0.018
1100015,2020-08-31,estimate,0.012,0.012,0.005,0.012,0.013,0.01,0.015,0.006,0.019
1100015,2020-09-01,estimate,0.012,0.012,0.005,0.012,0.013,0.01,0.014,0.005,0.018
1100015,2020-09-02,estimate,0.012,0.012,0.005,0.012,0.013,0.01,0.014,0.006,0.019
1100015,2020-09-03,estimate,0.012,0.012,0.005,0.012,0.013,0.01,0.015,0.005,0.019
1100015,2020-09-04,estimate,0.012,0.012,0.005,0.011,0.013,0.01,0.014,0.005,0.019
1100015,2020-09-05,estimate,0.012,0.012,0.005,0.012,0.013,0.01,0.015,0.005,0.019
1100015,2020-09-06,estimate,0.012,0.012,0.005,0.012,0.013,0.011,0.015,0.005,0.019
1100015,2020-09-07,estimate,0.012,0.012,0.005,0.012,0.013,0.01,0.015,0.005,0.018
1100015,2020-09-08,estimate,0.012,0.012,0.005,0.012,0.013,0.011,0.015,0.005,0.018
1100015,2020-09-09,estimate,0.012,0.012,0.005,0.011,0.013,0.01,0.014,0.005,0.018
1100015,2020-09-10,estimate,0.012,0.012,0.005,0.012,0.014,0.01,0.014,0.005,0.019
1100015,2020-09-11,estimate,0.012,0.012,0.005,0.012,0.013,0.01,0.014,0.005,0.019
1100015,2020-09-12,estimate,0.012,0.012,0.005,0.012,0.013,0.01,0.015,0.005,0.018
1100015,2020-09-13,estimate,0.012,0.012,0.005,0.012,0.013,0.01,0.015,0.005,0.018
1100015,2020-09-14,estimate,0.012,0.012,0.005,0.012,0.013,0.011,0.015,0.004,0.019
1100015,2020-09-15,estimate,0.012,0.012,0.005,0.011,0.013,0.011,0.015,0.005,0.019
1100015,2020-09-16,estimate,0.012,0.012,0.005,0.011,0.013,0.011,0.015,0.005,0.019
1100015,2020-09-17,estimate,0.012,0.012,0.005,0.011,0.013,0.011,0.015,0.005,0.019
1100015,2020-09-18,estimate,0.012,0.012,0.005,0.011,0.013,0.011,0.015,0.005,0.019
1100015,2020-09-19,estimate,0.012,0.012,0.006,0.011,0.013,0.011,0.015,0.004,0.019
1100015,2020-09-20,estimate based on partial data,0.012,0.012,0.006,0.011,0.013,0.011,0.015,0.004,0.019
1100015,2020-09-21,estimate based on partial data,0.012,0.012,0.006,0.011,0.013,0.011,0.015,0.005,0.019
1100015,2020-09-22,estimate based on partial data,0.012,0.012,0.006,0.011,0.013,0.011,0.015,0.005,0.019
1100015,2020-09-23,estimate based on partial data,0.012,0.012,0.006,0.012,0.013,0.01,0.015,0.004,0.019
1100015,2020-09-24,estimate based on partial data,0.012,0.012,0.006,0.012,0.013,0.01,0.015,0.004,0.019
1100015,2020-09-25,estimate based on partial data,0.012,0.012,0.006,0.012,0.013,0.01,0.015,0.004,0.019
1100015,2020-09-26,estimate based on partial data,0.012,0.012,0.006,0.012,0.014,0.01,0.015,0.004,0.019
1100015,2020-09-27,estimate based on partial data,0.012,0.012,0.006,0.012,0.014,0.01,0.015,0.004,0.019
1100015,2020-09-28,estimate based on partial data,0.012,0.012,0.006,0.012,0.014,0.01,0.015,0.004,0.019
1100015,2020-09-29,estimate based on partial data,0.012,0.012,0.006,0.012,0.014,0.01,0.015,0.004,0.019
1100015,2020-09-30,forecast,0.012,0.012,0.006,0.012,0.014,0.01,0.015,0.004,0.019
1100015,2020-10-01,forecast,0.012,0.012,0.006,0.012,0.014,0.01,0.015,0.004,0.019
1100015,2020-10-02,forecast,0.012,0.012,0.006,0.012,0.014,0.01,0.015,0.004,0.019
1100015,2020-10-03,forecast,0.012,0.012,0.006,0.012,0.014,0.01,0.015,0.004,0.019
1100015,2020-10-04,forecast,0.012,0.012,0.006,0.012,0.014,0.01,0.015,0.004,0.019
1100015,2020-10-05,forecast,0.012,0.012,0.006,0.012,0.014,0.01,0.015,0.004,0.019
1100015,2020-10-06,forecast,0.012,0.012,0.006,0.012,0.014,0.01,0.015,0.004,0.019
1100023,2020-07-08,estimate,0,0,0.003,-0.001,0.001,-0.003,0.001,-0.006,0.004
1100023,2020-07-09,estimate,0,0,0.003,-0.002,0,-0.003,0.001,-0.006,0.005
1100023,2020-07-10,estimate,0,0,0.004,-0.002,0,-0.003,0.002,-0.006,0.005
1100023,2020-07-11,estimate,0,0,0.004,-0.002,0,-0.003,0.002,-0.006,0.005
1100023,2020-07-12,estimate,0,0,0.004,-0.001,0,-0.003,0.002,-0.006,0.005
1100023,2020-07-13,estimate,0,0,0.004,-0.002,0,-0.002,0.002,-0.006,0.005
1100023,2020-07-14,estimate,0,0,0.004,-0.002,0,-0.002,0.002,-0.006,0.005
1100023,2020-07-15,estimate,0,0,0.004,-0.002,0,-0.002,0.002,-0.007,0.005
1100023,2020-07-16,estimate,0,0,0.004,-0.002,0,-0.003,0.002,-0.007,0.005
1100023,2020-07-17,estimate,0,0,0.004,-0.002,0,-0.003,0.002,-0.006,0.006
1100023,2020-07-18,estimate,-0.001,0,0.004,-0.002,0,-0.003,0.001,-0.006,0.006
1100023,2020-07-19,estimate,-0.001,0,0.004,-0.002,0,-0.003,0.001,-0.006,0.006
1100023,2020-07-20,estimate,-0.001,0,0.004,-0.002,0,-0.003,0.001,-0.006,0.006
1100023,2020-07-21,estimate,-0.001,0,0.004,-0.002,0,-0.003,0.001,-0.007,0.005
1100023,2020-07-22,estimate,-0.001,0,0.004,-0.002,0,-0.003,0.002,-0.007,0.005
1100023,2020-07-23,estimate,-0.001,0,0.004,-0.002,-0.001,-0.003,0.002,-0.007,0.006
1100023,2020-07-24,estimate,-0.001,-0.001,0.004,-0.001,0,-0.003,0.001,-0.006,0.006
1100023,2020-07-25,estimate,-0.001,-0.001,0.004,-0.001,0,-0.003,0.001,-0.007,0.006
1100023,2020-07-26,estimate,-0.001,-0.001,0.004,-0.002,0,-0.003,0.001,-0.006,0.006
1100023,2020-07-27,estimate,-0.001,-0.001,0.004,-0.002,-0.001,-0.003,0.002,-0.006,0.006
1100023,2020-07-28,estimate,-0.001,-0.001,0.004,-0.002,-0.001,-0.003,0.002,-0.006,0.006
1100023,2020-07-29,estimate,-0.001,-0.001,0.004,-0.002,0,-0.003,0.002,-0.006,0.006
1100023,2020-07-30,estimate,-0.001,-0.001,0.004,-0.002,-0.001,-0.003,0.002,-0.007,0.006
1100023,2020-07-31,estimate,-0.001,-0.001,0.004,-0.001,0,-0.003,0.002,-0.007,0.005
1100023,2020-08-01,estimate,-0.001,-0.001,0.004,-0.002,0,-0.003,0.002,-0.007,0.006
1100023,2020-08-02,estimate,-0.001,-0.001,0.004,-0.001,0.001,-0.003,0.001,-0.007,0.006
1100023,2020-08-03,estimate,-0.001,-0.001,0.004,-0.001,0,-0.003,0.002,-0.007,0.006
1100023,2020-08-04,estimate,-0.001,-0.001,0.004,-0.001,0.001,-0.003,0.002,-0.007,0.006
1100023,2020-08-05,estimate,-0.001,-0.001,0.004,-0.003,-0.001,-0.003,0.002,-0.007,0.006
1100023,2020-08-06,estimate,-0.001,-0.001,0.005,-0.003,-0.001,-0.003,0.002,-0.007,0.006
1100023,2020-08-07,estimate,-0.001,-0.001,0.005,-0.002,-0.001,-0.003,0.002,-0.007,0.006
1100023,2020-08-08,estimate,-0.001,-0.001,0.005,-0.002,-0.001,-0.003,0.002,-0.008,0.006
1100023,2020-08-09,estimate,-0.001,-0.001,0.005,-0.003,-0.001,-0.003,0.002,-0.008,0.006
1100023,2020-08-10,estimate,-0.001,-0.001,0.005,-0.003,-0.001,-0.003,0.002,-0.008,0.006
1100023,2020-08-11,estimate,-0.001,-0.001,0.005,-0.003,-0.001,-0.003,0.002,-0.008,0.006
1100023,2020-08-12,estimate,-0.001,-0.001,0.005,-0.003,-0.001,-0.003,0.002,-0.008,0.006
1100023,2020-08-13,estimate,-0.001,-0.001,0.005,-0.003,-0.001,-0.003,0.001,-0.008,0.006
1100023,2020-08-14,estimate,-0.001,-0.001,0.005,-0.002,0,-0.003,0.001,-0.008,0.006
1100023,2020-08-15,estimate,-0.001,-0.001,0.005,-0.002,-0.001,-0.003,0.002,-0.009,0.006
1100023,2020-08-16,estimate,-0.001,-0.001,0.005,-0.002,-0.001,-0.003,0.002,-0.008,0.006
1100023,2020-08-17,estimate,-0.001,-0.001,0.005,-0.002,-0.001,-0.003,0.002,-0.009,0.006
1100023,2020-08-18,estimate,-0.001,-0.001,0.005,-0.003,-0.001,-0.003,0.002,-0.009,0.006
1100023,2020-08-19,estimate,-0.001,-0.001,0.005,-0.002,-0.001,-0.003,0.002,-0.008,0.006
1100023,2020-08-20,estimate,-0.001,-0.001,0.005,-0.003,-0.001,-0.003,0.002,-0.008,0.006
1100023,2020-08-21,estimate,-0.001,-0.001,0.005,-0.003,-0.001,-0.003,0.002,-0.008,0.006
1100023,2020-08-22,estimate,-0.001,-0.001,0.005,-0.003,-0.001,-0.003,0.002,-0.009,0.006
1100023,2020-08-23,estimate,-0.001,-0.001,0.005,-0.003,-0.001,-0.003,0.002,-0.009,0.006
1100023,2020-08-24,estimate,-0.001,-0.001,0.005,-0.003,-0.001,-0.004,0.001,-0.009,0.006
1100023,2020-08-25,estimate,-0.001,-0.001,0.005,-0.003,-0.001,-0.004,0.001,-0.008,0.007
1100023,2020-08-26,estimate,-0.001,-0.001,0.005,-0.003,-0.001,-0.004,0.001,-0.009,0.006
1100023,2020-08-27,estimate,-0.001,-0.001,0.005,-0.003,-0.001,-0.004,0.001,-0.009,0.006
1100023,2020-08-28,estimate,-0.001,-0.001,0.005,-0.003,-0.001,-0.004,0.001,-0.009,0.007
1100023,2020-08-29,estimate,-0.001,-0.001,0.005,-0.003,-0.001,-0.004,0.001,-0.009,0.006
1100023,2020-08-30,estimate,-0.001,-0.001,0.005,-0.003,-0.001,-0.004,0.001,-0.009,0.006
1100023,2020-08-31,estimate,-0.001,-0.002,0.005,-0.003,-0.001,-0.004,0.001,-0.009,0.007
1100023,2020-09-01,estimate,-0.001,-0.002,0.006,-0.003,-0.001,-0.004,0.001,-0.009,0.007
1100023,2020-09-02,estimate,-0.001,-0.002,0.006,-0.003,-0.001,-0.004,0.001,-0.009,0.006
1100023,2020-09-03,estimate,-0.001,-0.002,0.006,-0.003,-0.001,-0.004,0.001,-0.009,0.007
1100023,2020-09-04,estimate,-0.001,-0.002,0.006,-0.003,-0.001,-0.004,0.001,-0.009,0.007
1100023,2020-09-05,estimate,-0.001,-0.002,0.006,-0.003,-0.001,-0.004,0.001,-0.009,0.007
1100023,2020-09-06,estimate,-0.001,-0.002,0.006,-0.003,-0.001,-0.004,0.001,-0.009,0.007
1100023,2020-09-07,estimate,-0.001,-0.002,0.006,-0.002,-0.001,-0.004,0.001,-0.009,0.007
1100023,2020-09-08,estimate,-0.001,-0.001,0.006,-0.002,-0.001,-0.004,0.001,-0.009,0.007
1100023,2020-09-09,estimate,-0.001,-0.001,0.006,-0.002,-0.001,-0.004,0.001,-0.009,0.007
1100023,2020-09-10,estimate,-0.001,-0.001,0.006,-0.003,-0.001,-0.004,0.001,-0.01,0.007
1100023,2020-09-11,estimate,-0.001,-0.001,0.006,-0.003,-0.001,-0.004,0.001,-0.009,0.007
1100023,2020-09-12,estimate,-0.001,-0.001,0.006,-0.002,0,-0.004,0.001,-0.009,0.007
1100023,2020-09-13,estimate,-0.001,-0.001,0.006,-0.002,0,-0.004,0.001,-0.009,0.007
1100023,2020-09-14,estimate,-0.001,-0.001,0.006,-0.002,0,-0.004,0.002,-0.009,0.007
1100023,2020-09-15,estimate,-0.001,-0.001,0.006,-0.002,0,-0.004,0.002,-0.01,0.007
1100023,2020-09-16,estimate,-0.001,-0.001,0.006,-0.002,0,-0.004,0.002,-0.01,0.007
1100023,2020-09-17,estimate,-0.001,-0.001,0.006,-0.002,0,-0.004,0.002,-0.01,0.007
1100023,2020-09-18,estimate,-0.001,-0.001,0.006,-0.002,0,-0.004,0.002,-0.01,0.007
1100023,2020-09-19,estimate,-0.001,-0.001,0.006,-0.002,0,-0.004,0.002,-0.01,0.007
1100023,2020-09-20,estimate based on partial data,-0.001,-0.001,0.006,-0.002,0,-0.004,0.001,-0.01,0.008
1100023,2020-09-21,estimate based on partial data,-0.001,-0.001,0.006,-0.002,0,-0.004,0.002,-0.01,0.008
1100023,2020-09-22,estimate based on partial data,-0.001,-0.001,0.006,-0.002,0,-0.004,0.002,-0.009,0.008
1100023,2020-09-23,estimate based on partial data,-0.001,-0.001,0.006,-0.002,0,-0.004,0.002,-0.01,0.007
1100023,2020-09-24,estimate based on partial data,-0.001,-0.001,0.006,-0.002,0,-0.004,0.001,-0.011,0.007
1100023,2020-09-25,estimate based on partial data,-0.001,-0.001,0.006,-0.003,-0.001,-0.004,0.002,-0.011,0.007
1100023,2020-09-26,estimate based on partial data,-0.001,-0.001,0.006,-0.003,-0.001,-0.004,0.001,-0.011,0.007
1100023,2020-09-27,estimate based on partial data,-0.001,-0.001,0.006,-0.003,-0.001,-0.004,0.001,-0.01,0.007
1100023,2020-09-28,estimate based on partial data,-0.001,-0.001,0.006,-0.003,-0.001,-0.004,0.002,-0.01,0.007
1100023,2020-09-29,estimate based on partial data,-0.001,-0.001,0.006,-0.003,-0.001,-0.004,0.002,-0.011,0.007
1100023,2020-09-30,forecast,-0.001,-0.001,0.006,-0.003,-0.001,-0.004,0.002,-0.011,0.007
1100023,2020-10-01,forecast,-0.001,-0.001,0.006,-0.003,-0.001,-0.004,0.002,-0.011,0.007
1100023,2020-10-02,forecast,-0.001,-0.001,0.006,-0.003,-0.001,-0.004,0.002,-0.011,0.007
1100023,2020-10-03,forecast,-0.001,-0.001,0.006,-0.003,-0.001,-0.004,0.002,-0.011,0.007
1100023,2020-10-04,forecast,-0.001,-0.001,0.006,-0.003,-0.001,-0.004,0.002,-0.011,0.007
1100023,2020-10-05,forecast,-0.001,-0.001,0.006,-0.003,-0.001,-0.004,0.002,-0.011,0.007
1100023,2020-10-06,forecast,-0.001,-0.001,0.006,-0.003,-0.001,-0.004,0.002,-0.011,0.007
1100049,2020-07-08,estimate,0.023,0.045,0.302,0.011,0.017,0.009,0.026,0.004,0.059
1100049,2020-07-09,estimate,0.023,0.045,0.325,0.011,0.018,0.009,0.026,0.004,0.061
1100049,2020-07-10,estimate,0.023,0.046,0.352,0.01,0.016,0.008,0.026,0.003,0.061
1100049,2020-07-11,estimate,0.023,0.047,0.383,0.01,0.017,0.008,0.026,0.002,0.061
1100049,2020-07-12,estimate,0.023,0.047,0.42,0.01,0.017,0.009,0.027,0.004,0.064
1100049,2020-07-13,estimate,0.022,0.048,0.464,0.016,0.022,0.009,0.027,0.004,0.063
1100049,2020-07-14,estimate,0.022,0.049,0.515,0.016,0.022,0.007,0.025,0.001,0.06
1100049,2020-07-15,estimate,0.022,0.05,0.573,0.015,0.021,0.007,0.024,0.001,0.06
1100049,2020-07-16,estimate,0.022,0.051,0.637,0.014,0.02,0.008,0.026,0.001,0.061
1100049,2020-07-17,estimate,0.022,0.052,0.706,0.013,0.02,0.009,0.026,0.001,0.06
1100049,2020-07-18,estimate,0.021,0.053,0.78,0.015,0.021,0.008,0.025,0,0.059
1100049,2020-07-19,estimate,0.021,0.054,0.855,0.014,0.021,0.007,0.024,-0.001,0.058
1100049,2020-07-20,estimate,0.021,0.055,0.931,0.012,0.018,0.007,0.024,0.001,0.059
1100049,2020-07-21,estimate,0.021,0.056,1.006,0.014,0.02,0.009,0.026,0,0.058
1100049,2020-07-22,estimate,0.021,0.057,1.077,0.013,0.019,0.008,0.025,0,0.057
1100049,2020-07-23,estimate,0.021,0.058,1.142,0.012,0.018,0.007,0.024,-0.001,0.056
1100049,2020-07-24,estimate,0.02,0.059,1.198,0.012,0.018,0.007,0.024,-0.001,0.055
1100049,2020-07-25,estimate,0.02,0.06,1.244,0.011,0.017,0.008,0.025,-0.001,0.055
1100049,2020-07-26,estimate,0.02,0.06,1.276,0.011,0.017,0.008,0.025,-0.002,0.053
1100049,2020-07-27,estimate,0.02,0.06,1.295,0.012,0.018,0.008,0.024,-0.003,0.053
1100049,2020-07-28,estimate,0.019,0.059,1.299,0.012,0.019,0.007,0.023,-0.004,0.053
1100049,2020-07-29,estimate,0.019,0.059,1.287,0.012,0.018,0.008,0.024,-0.003,0.054
1100049,2020-07-30,estimate,0.019,0.058,1.261,0.013,0.02,0.006,0.023,-0.002,0.054
1100049,2020-07-31,estimate,0.019,0.056,1.221,0.013,0.019,0.007,0.023,-0.003,0.054
1100049,2020-08-01,estimate,0.018,0.055,1.168,0.01,0.016,0.007,0.023,-0.004,0.053
1100049,2020-08-02,estimate,0.018,0.053,1.106,0.008,0.014,0.007,0.023,-0.003,0.054
1100049,2020-08-03,estimate,0.018,0.051,1.035,0.008,0.015,0.007,0.023,-0.003,0.054
1100049,2020-08-04,estimate,0.018,0.049,0.959,0.009,0.015,0.005,0.022,-0.003,0.054
1100049,2020-08-05,estimate,0.018,0.047,0.879,0.008,0.014,0.007,0.024,-0.004,0.053
1100049,2020-08-06,estimate,0.018,0.044,0.798,0.01,0.015,0.005,0.022,-0.005,0.053
1100049,2020-08-07,estimate,0.018,0.042,0.719,0.009,0.015,0.005,0.021,-0.004,0.055
1100049,2020-08-08,estimate,0.017,0.04,0.642,0.008,0.014,0.004,0.021,-0.004,0.055
1100049,2020-08-09,estimate,0.017,0.038,0.568,0.009,0.015,0.005,0.021,-0.006,0.054
1100049,2020-08-10,estimate,0.017,0.036,0.5,0.009,0.014,0.004,0.021,-0.007,0.053
1100049,2020-08-11,estimate,0.017,0.034,0.438,0.009,0.014,0.004,0.021,-0.007,0.053
1100049,2020-08-12,estimate,0.017,0.033,0.382,0.008,0.014,0.005,0.021,-0.007,0.053
1100049,2020-08-13,estimate,0.017,0.031,0.331,0.008,0.014,0.004,0.021,-0.007,0.053
1100049,2020-08-14,estimate,0.016,0.03,0.287,0.008,0.014,0.004,0.021,-0.008,0.053
1100049,2020-08-15,estimate,0.016,0.029,0.248,0.008,0.014,0.004,0.021,-0.008,0.052
1100049,2020-08-16,estimate,0.016,0.028,0.214,0.008,0.014,0.004,0.02,-0.007,0.054
1100049,2020-08-17,estimate,0.016,0.027,0.185,0.008,0.014,0.004,0.021,-0.007,0.053
1100049,2020-08-18,estimate,0.016,0.026,0.16,0.007,0.013,0.005,0.021,-0.007,0.052
1100049,2020-08-19,estimate,0.016,0.025,0.138,0.005,0.011,0.005,0.022,-0.008,0.052
1100049,2020-08-20,estimate,0.015,0.024,0.121,0.006,0.012,0.004,0.021,-0.007,0.052
1100049,2020-08-21,estimate,0.015,0.024,0.106,0.008,0.014,0.004,0.021,-0.006,0.054
1100049,2020-08-22,estimate,0.015,0.023,0.094,0.008,0.014,0.005,0.022,-0.011,0.049
1100049,2020-08-23,estimate,0.015,0.023,0.085,0.008,0.014,0.004,0.021,-0.011,0.049
1100049,2020-08-24,estimate,0.015,0.022,0.078,0.008,0.014,0.004,0.021,-0.011,0.049
1100049,2020-08-25,estimate,0.015,0.022,0.072,0.008,0.014,0.004,0.021,-0.01,0.05
1100049,2020-08-26,estimate,0.015,0.022,0.068,0.008,0.014,0.004,0.021,-0.009,0.05
1100049,2020-08-27,estimate,0.015,0.022,0.066,0.008,0.013,0.004,0.021,-0.009,0.051
1100049,2020-08-28,estimate,0.015,0.022,0.065,0.008,0.014,0.003,0.02,-0.008,0.053
1100049,2020-08-29,estimate,0.015,0.022,0.065,0.007,0.012,0.003,0.02,-0.008,0.053
1100049,2020-08-30,estimate,0.015,0.022,0.066,0.006,0.012,0.003,0.02,-0.009,0.053
1100049,2020-08-31,estimate,0.015,0.022,0.067,0.006,0.012,0.005,0.022,-0.012,0.05
1100049,2020-09-01,estimate,0.015,0.022,0.069,0.006,0.012,0.005,0.022,-0.012,0.05
1100049,2020-09-02,estimate,0.015,0.022,0.071,0.006,0.013,0.004,0.022,-0.011,0.05
1100049,2020-09-03,estimate,0.015,0.022,0.073,0.006,0.012,0.004,0.021,-0.011,0.051
1100049,2020-09-04,estimate,0.015,0.022,0.075,0.005,0.011,0.004,0.021,-0.012,0.051
1100049,2020-09-05,estimate,0.015,0.022,0.077,0.005,0.011,0.003,0.02,-0.012,0.051
1100049,2020-09-06,estimate,0.015,0.022,0.079,0.009,0.016,0.003,0.02,-0.012,0.052
1100049,2020-09-07,estimate,0.015,0.022,0.08,0.006,0.012,0.003,0.021,-0.011,0.052
1100049,2020-09-08,estimate,0.015,0.022,0.082,0.005,0.012,0.003,0.02,-0.01,0.053
1100049,2020-09-09,estimate,0.015,0.023,0.085,0.007,0.013,0.003,0.02,-0.013,0.051
1100049,2020-09-10,estimate,0.015,0.023,0.089,0.006,0.013,0.003,0.021,-0.012,0.051
1100049,2020-09-11,estimate,0.015,0.023,0.093,0.007,0.013,0.003,0.021,-0.012,0.051
1100049,2020-09-12,estimate,0.015,0.023,0.099,0.006,0.013,0.004,0.022,-0.012,0.051
1100049,2020-09-13,estimate,0.015,0.023,0.105,0.006,0.012,0.005,0.022,-0.015,0.05
1100049,2020-09-14,estimate,0.015,0.023,0.112,0.007,0.013,0.005,0.022,-0.015,0.05
1100049,2020-09-15,estimate,0.015,0.024,0.12,0.007,0.013,0.005,0.022,-0.01,0.056
1100049,2020-09-16,estimate,0.015,0.024,0.128,0.006,0.013,0.004,0.022,-0.013,0.052
1100049,2020-09-17,estimate,0.015,0.024,0.137,0.007,0.013,0.004,0.022,-0.013,0.053
1100049,2020-09-18,estimate,0.015,0.025,0.146,0.007,0.013,0.005,0.023,-0.013,0.054
1100049,2020-09-19,estimate,0.015,0.025,0.156,0.006,0.013,0.003,0.02,-0.012,0.055
1100049,2020-09-20,estimate based on partial data,0.015,0.026,0.167,0.007,0.013,0.003,0.02,-0.012,0.055
1100049,2020-09-21,estimate based on partial data,0.015,0.026,0.179,0.007,0.013,0.003,0.02,-0.016,0.052
1100049,2020-09-22,estimate based on partial data,0.015,0.027,0.193,0.008,0.014,0.003,0.021,-0.016,0.051
1100049,2020-09-23,estimate based on partial data,0.015,0.027,0.209,0.008,0.014,0.003,0.021,-0.017,0.051
1100049,2020-09-24,estimate based on partial data,0.015,0.028,0.227,0.007,0.013,0.005,0.022,-0.017,0.052
1100049,2020-09-25,estimate based on partial data,0.015,0.029,0.249,0.007,0.013,0.005,0.023,-0.015,0.054
1100049,2020-09-26,estimate based on partial data,0.016,0.029,0.273,0.006,0.013,0.002,0.02,-0.019,0.051
1100049,2020-09-27,estimate based on partial data,0.016,0.03,0.301,0.007,0.013,0.006,0.024,-0.019,0.051
1100049,2020-09-28,estimate based on partial data,0.016,0.031,0.333,0.007,0.013,0.004,0.022,-0.017,0.052
1100049,2020-09-29,estimate based on partial data,0.016,0.032,0.369,0.007,0.013,0.003,0.022,-0.018,0.051
1100049,2020-09-30,forecast,0.016,0.032,0.369,0.007,0.013,0.003,0.022,-0.018,0.051
1100049,2020-10-01,forecast,0.016,0.032,0.369,0.007,0.013,0.003,0.022,-0.018,0.051
1100049,2020-10-02,forecast,0.016,0.032,0.369,0.007,0.013,0.003,0.022,-0.018,0.051
1100049,2020-10-03,forecast,0.016,0.032,0.369,0.007,0.013,0.003,0.022,-0.018,0.051
1100049,2020-10-04,forecast,0.016,0.032,0.369,0.007,0.013,0.003,0.022,-0.018,0.051
1100049,2020-10-05,forecast,0.016,0.032,0.369,0.007,0.013,0.003,0.022,-0.018,0.051
1100049,2020-10-06,forecast,0.016,0.032,0.369,0.007,0.013,0.003,0.022,-0.018,0.051
1100056,2020-07-08,estimate,0.025,0.025,0.006,0.022,0.025,0.021,0.027,0.016,0.034
1100056,2020-07-09,estimate,0.025,0.025,0.007,0.022,0.025,0.021,0.027,0.016,0.034
1100056,2020-07-10,estimate,0.025,0.025,0.007,0.023,0.025,0.021,0.028,0.015,0.034
1100056,2020-07-11,estimate,0.025,0.025,0.007,0.023,0.026,0.021,0.028,0.015,0.034
1100056,2020-07-12,estimate,0.025,0.025,0.007,0.023,0.026,0.021,0.028,0.016,0.035
1100056,2020-07-13,estimate,0.025,0.025,0.007,0.023,0.026,0.021,0.028,0.015,0.035
1100056,2020-07-14,estimate,0.025,0.025,0.007,0.024,0.027,0.021,0.028,0.015,0.035
1100056,2020-07-15,estimate,0.025,0.025,0.008,0.023,0.026,0.021,0.028,0.015,0.035
1100056,2020-07-16,estimate,0.025,0.025,0.008,0.023,0.026,0.021,0.028,0.015,0.035
1100056,2020-07-17,estimate,0.025,0.025,0.008,0.023,0.025,0.021,0.028,0.015,0.035
1100056,2020-07-18,estimate,0.025,0.025,0.008,0.023,0.026,0.021,0.028,0.015,0.035
1100056,2020-07-19,estimate,0.025,0.025,0.008,0.024,0.027,0.021,0.028,0.015,0.035
1100056,2020-07-20,estimate,0.024,0.025,0.008,0.022,0.025,0.02,0.027,0.015,0.035
1100056,2020-07-21,estimate,0.024,0.025,0.008,0.022,0.024,0.02,0.027,0.014,0.035
1100056,2020-07-22,estimate,0.024,0.025,0.008,0.022,0.024,0.02,0.027,0.014,0.034
1100056,2020-07-23,estimate,0.024,0.025,0.008,0.022,0.024,0.02,0.027,0.014,0.035
1100056,2020-07-24,estimate,0.024,0.024,0.008,0.022,0.024,0.02,0.027,0.014,0.035
1100056,2020-07-25,estimate,0.024,0.024,0.008,0.021,0.024,0.02,0.027,0.013,0.034
1100056,2020-07-26,estimate,0.024,0.024,0.009,0.021,0.024,0.02,0.027,0.014,0.035
1100056,2020-07-27,estimate,0.024,0.024,0.009,0.022,0.025,0.02,0.027,0.013,0.035
1100056,2020-07-28,estimate,0.024,0.024,0.009,0.021,0.024,0.02,0.027,0.013,0.035
1100056,2020-07-29,estimate,0.024,0.024,0.009,0.022,0.024,0.02,0.027,0.013,0.035
1100056,2020-07-30,estimate,0.024,0.024,0.009,0.022,0.024,0.02,0.028,0.013,0.035
1100056,2020-07-31,estimate,0.024,0.024,0.009,0.021,0.024,0.02,0.028,0.013,0.035
1100056,2020-08-01,estimate,0.024,0.024,0.009,0.021,0.024,0.02,0.028,0.013,0.035
1100056,2020-08-02,estimate,0.023,0.024,0.009,0.021,0.024,0.019,0.027,0.012,0.034
1100056,2020-08-03,estimate,0.023,0.024,0.009,0.021,0.024,0.019,0.027,0.012,0.034
1100056,2020-08-04,estimate,0.023,0.023,0.009,0.021,0.024,0.019,0.027,0.013,0.035
1100056,2020-08-05,estimate,0.023,0.023,0.009,0.021,0.024,0.019,0.027,0.013,0.035
1100056,2020-08-06,estimate,0.023,0.023,0.009,0.022,0.024,0.019,0.027,0.012,0.035
1100056,2020-08-07,estimate,0.023,0.023,0.009,0.022,0.024,0.019,0.027,0.012,0.035
1100056,2020-08-08,estimate,0.023,0.023,0.009,0.022,0.024,0.019,0.027,0.011,0.035
1100056,2020-08-09,estimate,0.023,0.023,0.009,0.022,0.024,0.019,0.027,0.012,0.035
1100056,2020-08-10,estimate,0.023,0.023,0.009,0.022,0.025,0.019,0.027,0.011,0.035
1100056,2020-08-11,estimate,0.023,0.023,0.009,0.022,0.024,0.018,0.026,0.011,0.035
1100056,2020-08-12,estimate,0.023,0.023,0.009,0.022,0.025,0.018,0.027,0.011,0.035
1100056,2020-08-13,estimate,0.023,0.022,0.009,0.022,0.025,0.018,0.026,0.011,0.035
1100056,2020-08-14,estimate,0.023,0.022,0.009,0.021,0.024,0.018,0.026,0.01,0.035
1100056,2020-08-15,estimate,0.023,0.022,0.009,0.022,0.025,0.018,0.026,0.01,0.035
1100056,2020-08-16,estimate,0.023,0.022,0.009,0.022,0.025,0.017,0.026,0.01,0.035
1100056,2020-08-17,estimate,0.022,0.022,0.009,0.022,0.025,0.017,0.026,0.01,0.035
1100056,2020-08-18,estimate,0.023,0.022,0.009,0.022,0.025,0.018,0.026,0.01,0.035
1100056,2020-08-19,estimate,0.022,0.022,0.009,0.022,0.025,0.018,0.026,0.009,0.035
1100056,2020-08-20,estimate,0.022,0.022,0.009,0.022,0.025,0.018,0.026,0.009,0.035
1100056,2020-08-21,estimate,0.022,0.022,0.009,0.021,0.024,0.018,0.027,0.008,0.034
1100056,2020-08-22,estimate,0.022,0.022,0.009,0.022,0.025,0.018,0.027,0.01,0.036
1100056,2020-08-23,estimate,0.022,0.022,0.009,0.021,0.024,0.018,0.027,0.009,0.036
1100056,2020-08-24,estimate,0.022,0.022,0.01,0.021,0.024,0.018,0.027,0.009,0.035
1100056,2020-08-25,estimate,0.022,0.022,0.01,0.021,0.024,0.018,0.027,0.009,0.035
1100056,2020-08-26,estimate,0.022,0.022,0.01,0.021,0.024,0.018,0.027,0.008,0.035
1100056,2020-08-27,estimate,0.022,0.022,0.01,0.021,0.024,0.019,0.028,0.008,0.035
1100056,2020-08-28,estimate,0.022,0.022,0.01,0.02,0.023,0.018,0.028,0.007,0.035
1100056,2020-08-29,estimate,0.022,0.022,0.01,0.021,0.024,0.018,0.028,0.007,0.035
1100056,2020-08-30,estimate,0.022,0.022,0.01,0.021,0.024,0.016,0.026,0.007,0.035
1100056,2020-08-31,estimate,0.022,0.022,0.01,0.021,0.024,0.017,0.027,0.007,0.035
1100056,2020-09-01,estimate,0.022,0.022,0.01,0.021,0.024,0.018,0.027,0.006,0.034
1100056,2020-09-02,estimate,0.022,0.022,0.01,0.021,0.024,0.018,0.027,0.006,0.035
1100056,2020-09-03,estimate,0.022,0.021,0.01,0.021,0.024,0.018,0.027,0.006,0.035
1100056,2020-09-04,estimate,0.022,0.021,0.011,0.021,0.024,0.019,0.028,0.006,0.035
1100056,2020-09-05,estimate,0.022,0.021,0.011,0.021,0.024,0.017,0.026,0.006,0.035
1100056,2020-09-06,estimate,0.022,0.021,0.011,0.021,0.024,0.017,0.026,0.006,0.035
1100056,2020-09-07,estimate,0.022,0.021,0.011,0.021,0.024,0.016,0.026,0.006,0.035
1100056,2020-09-08,estimate,0.022,0.021,0.011,0.021,0.024,0.016,0.026,0.006,0.036
1100056,2020-09-09,estimate,0.022,0.021,0.011,0.021,0.024,0.017,0.026,0.006,0.036
1100056,2020-09-10,estimate,0.022,0.021,0.011,0.021,0.024,0.017,0.026,0.006,0.036
1100056,2020-09-11,estimate,0.022,0.021,0.011,0.021,0.024,0.017,0.026,0.006,0.036
1100056,2020-09-12,estimate,0.022,0.021,0.011,0.021,0.024,0.017,0.027,0.005,0.036
1100056,2020-09-13,estimate,0.022,0.021,0.011,0.021,0.024,0.017,0.027,0.005,0.036
1100056,2020-09-14,estimate,0.022,0.021,0.011,0.02,0.023,0.017,0.026,0.005,0.036
1100056,2020-09-15,estimate,0.022,0.021,0.011,0.02,0.023,0.017,0.026,0.005,0.036
1100056,2020-09-16,estimate,0.022,0.021,0.011,0.02,0.023,0.017,0.026,0.005,0.036
1100056,2020-09-17,estimate,0.022,0.021,0.011,0.02,0.023,0.017,0.026,0.005,0.036
1100056,2020-09-18,estimate,0.022,0.021,0.012,0.02,0.023,0.017,0.026,0.004,0.036
1100056,2020-09-19,estimate,0.022,0.021,0.012,0.02,0.023,0.017,0.027,0.005,0.036
1100056,2020-09-20,estimate based on partial data,0.022,0.021,0.012,0.02,0.024,0.016,0.026,0.004,0.036
1100056,2020-09-21,estimate based on partial data,0.022,0.021,0.012,0.019,0.022,0.016,0.026,0.004,0.036
1100056,2020-09-22,estimate based on partial data,0.022,0.021,0.012,0.021,0.024,0.016,0.025,0.005,0.036
1100056,2020-09-23,estimate based on partial data,0.022,0.021,0.012,0.019,0.023,0.018,0.027,0.005,0.036
1100056,2020-09-24,estimate based on partial data,0.022,0.021,0.012,0.02,0.023,0.016,0.026,0.006,0.038
1100056,2020-09-25,estimate based on partial data,0.022,0.021,0.012,0.019,0.023,0.016,0.026,0.003,0.036
1100056,2020-09-26,estimate based on partial data,0.022,0.021,0.012,0.021,0.024,0.017,0.027,0.003,0.036
1100056,2020-09-27,estimate based on partial data,0.022,0.021,0.012,0.02,0.024,0.016,0.026,0.005,0.038
1100056,2020-09-28,estimate based on partial data,0.022,0.022,0.012,0.02,0.024,0.016,0.026,0.005,0.038
1100056,2020-09-29,estimate based on partial data,0.022,0.022,0.012,0.021,0.024,0.017,0.027,0.005,0.038
1100056,2020-09-30,forecast,0.022,0.022,0.012,0.021,0.024,0.017,0.027,0.005,0.038
1100056,2020-10-01,forecast,0.022,0.022,0.012,0.021,0.024,0.017,0.027,0.005,0.038
1100056,2020-10-02,forecast,0.022,0.022,0.012,0.021,0.024,0.017,0.027,0.005,0.038
1100056,2020-10-03,forecast,0.022,0.022,0.012,0.021,0.024,0.017,0.027,0.005,0.038
1100056,2020-10-04,forecast,0.022,0.022,0.012,0.021,0.024,0.017,0.027,0.005,0.038
1100056,2020-10-05,forecast,0.022,0.022,0.012,0.021,0.024,0.017,0.027,0.005,0.038
1100056,2020-10-06,forecast,0.022,0.022,0.012,0.021,0.024,0.017,0.027,0.005,0.038
1100080,2020-07-08,estimate,0.046,1.23363500000001e+67,5.51698343884591e+68,0.017,0.029,0.012,0.049,0.005,0.181
1100080,2020-07-09,estimate,0.046,3.40078500000005e+67,1.52087728737232e+69,0.019,0.031,0.012,0.049,0.006,0.184
1100080,2020-07-10,estimate,0.045,4.56502500000035e+67,2.0415412437972e+69,0.018,0.03,0.011,0.048,0.006,0.185
1100080,2020-07-11,estimate,0.045,3.03694000000203e+67,1.35816085671764e+69,0.017,0.029,0.011,0.048,0.005,0.184
1100080,2020-07-12,estimate,0.044,1.03882500000973e+67,4.64576663345242e+68,0.018,0.03,0.011,0.048,0.004,0.184
1100080,2020-07-13,estimate,0.044,1.9286150003848e+66,8.62502848485065e+67,0.017,0.029,0.011,0.048,0.004,0.183
1100080,2020-07-14,estimate,0.043,2.08182501259925e+65,9.31020443448881e+66,0.017,0.029,0.012,0.048,-0.002,0.178
1100080,2020-07-15,estimate,0.043,1.4163153462195e+64,6.33395323433086e+65,0.017,0.029,0.013,0.049,-0.003,0.175
1100080,2020-07-16,estimate,0.043,6.6387319315e+62,2.96889451766229e+64,0.018,0.03,0.013,0.049,0.001,0.181
1100080,2020-07-17,estimate,0.042,2.356916285e+61,1.05327064917205e+63,0.018,0.029,0.011,0.047,0.002,0.181
1100080,2020-07-18,estimate,0.041,7.297844e+59,3.11460184040826e+61,0.016,0.028,0.012,0.047,0.002,0.179
1100080,2020-07-19,estimate,0.041,8.49776e+58,3.07706813827416e+60,0.017,0.029,0.012,0.046,0.001,0.176
1100080,2020-07-20,estimate,0.04,1.33502825e+59,5.94786064379852e+60,0.017,0.029,0.011,0.045,-0.004,0.169
1100080,2020-07-21,estimate,0.04,2.9225318335e+59,1.30693027208542e+61,0.017,0.029,0.01,0.044,-0.004,0.164
1100080,2020-07-22,estimate,0.039,7.387354931415e+59,3.3037233536141e+61,0.016,0.027,0.009,0.043,-0.006,0.161
1100080,2020-07-23,estimate,0.038,2.2450300202376e+60,1.00400793830074e+62,0.016,0.027,0.008,0.042,-0.007,0.16
1100080,2020-07-24,estimate,0.038,8.49165000105796e+60,3.79758132822698e+62,0.015,0.026,0.008,0.042,-0.005,0.159
1100080,2020-07-25,estimate,0.037,4.08944500000724e+61,1.82885540204932e+63,0.015,0.026,0.008,0.042,-0.006,0.158
1100080,2020-07-26,estimate,0.037,2.52957500000007e+62,1.13126033083681e+64,0.016,0.027,0.008,0.041,-0.007,0.159
1100080,2020-07-27,estimate,0.037,1.996575e+63,8.92895484435329e+64,0.015,0.026,0.008,0.041,-0.004,0.161
1100080,2020-07-28,estimate,0.036,1.966005e+64,8.79224164820895e+65,0.014,0.026,0.008,0.041,-0.01,0.155
1100080,2020-07-29,estimate,0.036,2.32419e+65,1.03940936652505e+67,0.015,0.026,0.008,0.041,-0.012,0.151
1100080,2020-07-30,estimate,0.035,3.12756e+66,1.39868735274185e+68,0.013,0.025,0.009,0.041,-0.011,0.153
1100080,2020-07-31,estimate,0.035,4.48254e+67,2.00465283037238e+69,0.013,0.024,0.007,0.04,-0.01,0.151
1100080,2020-08-01,estimate,0.034,6.3343e+68,2.83278507797538e+70,0.012,0.023,0.008,0.041,-0.011,0.148
1100080,2020-08-02,estimate,0.034,8.107e+69,3.62556061871816e+71,0.012,0.023,0.007,0.04,-0.01,0.148
1100080,2020-08-03,estimate,0.033,8.59675e+70,3.84458347711426e+72,0.012,0.022,0.007,0.039,-0.012,0.146
1100080,2020-08-04,estimate,0.033,6.9073e+71,3.08903846819686e+73,0.013,0.023,0.007,0.039,-0.012,0.146
1100080,2020-08-05,estimate,0.032,3.859945e+72,1.72621988188209e+74,0.011,0.021,0.007,0.039,-0.016,0.143
1100080,2020-08-06,estimate,0.032,1.38768e+73,6.20589362203382e+74,0.01,0.021,0.008,0.04,-0.012,0.147
1100080,2020-08-07,estimate,0.032,3.002825e+73,1.34290416490716e+75,0.01,0.02,0.008,0.04,-0.012,0.146
1100080,2020-08-08,estimate,0.031,3.713775e+73,1.66085067062786e+75,0.01,0.02,0.008,0.039,-0.016,0.14
1100080,2020-08-09,estimate,0.03,2.536805e+73,1.13449368513227e+75,0.01,0.021,0.007,0.037,-0.016,0.14
1100080,2020-08-10,estimate,0.03,9.43205e+72,4.21814099343538e+74,0.01,0.021,0.007,0.037,-0.016,0.138
1100080,2020-08-11,estimate,0.03,1.92093e+72,8.59066012003734e+73,0.012,0.022,0.006,0.036,-0.016,0.137
1100080,2020-08-12,estimate,0.029,2.202765e+71,9.85106455691465e+72,0.01,0.021,0.005,0.035,-0.027,0.126
1100080,2020-08-13,estimate,0.029,1.49258e+70,6.67502068371327e+71,0.01,0.02,0.006,0.036,-0.026,0.125
1100080,2020-08-14,estimate,0.029,6.39355e+68,2.85928248350876e+70,0.009,0.02,0.006,0.036,-0.022,0.126
1100080,2020-08-15,estimate,0.028,1.883935e+67,8.42521345038213e+68,0.011,0.021,0.006,0.035,-0.024,0.122
1100080,2020-08-16,estimate,0.027,4.21322e+65,1.88420926483233e+67,0.011,0.021,0.005,0.034,-0.023,0.121
1100080,2020-08-17,estimate,0.027,7.97115e+63,3.56480665176949e+65,0.009,0.02,0.005,0.034,-0.018,0.123
1100080,2020-08-18,estimate,0.027,1.43064e+62,6.3980165826606e+63,0.008,0.018,0.005,0.035,-0.023,0.116
1100080,2020-08-19,estimate,0.026,2.73573e+60,1.2234556496171e+62,0.009,0.019,0.005,0.034,-0.022,0.115
1100080,2020-08-20,estimate,0.026,6.24155e+58,2.79130601699276e+60,0.007,0.018,0.005,0.035,-0.022,0.114
1100080,2020-08-21,estimate,0.026,1.888535e+57,8.44578527577513e+58,0.007,0.018,0.004,0.033,-0.024,0.113
1100080,2020-08-22,estimate,0.025,8.3277e+55,3.724260659245e+57,0.007,0.018,0.003,0.032,-0.022,0.118
1100080,2020-08-23,estimate,0.025,5.7928e+54,2.59061891601216e+56,0.006,0.017,0.002,0.032,-0.02,0.12
1100080,2020-08-24,estimate,0.025,6.7574e+53,3.02200115023142e+55,0.007,0.018,0.003,0.032,-0.024,0.116
1100080,2020-08-25,estimate,0.025,1.377195e+53,6.15900327654565e+54,0.009,0.019,0.002,0.032,-0.023,0.118
1100080,2020-08-26,estimate,0.024,5.0004e+52,2.23624686293799e+54,0.008,0.018,0.003,0.032,-0.027,0.117
1100080,2020-08-27,estimate,0.024,3.22702500000001e+52,1.44316945301825e+54,0.007,0.017,0.002,0.032,-0.033,0.113
1100080,2020-08-28,estimate,0.024,3.61563000000007e+52,1.61695889229751e+54,0.007,0.017,0.003,0.033,-0.036,0.111
1100080,2020-08-29,estimate,0.024,6.73585000000058e+52,3.01236369724839e+54,0.006,0.016,0.003,0.033,-0.027,0.12
1100080,2020-08-30,estimate,0.023,1.96405500000054e+53,8.7835209830967e+54,0.006,0.016,0.003,0.032,-0.029,0.118
1100080,2020-08-31,estimate,0.023,8.31750000000564e+53,3.7196990805709e+55,0.006,0.016,0.003,0.032,-0.031,0.116
1100080,2020-09-01,estimate,0.023,4.69719000000634e+54,2.10064722864645e+56,0.006,0.016,0.002,0.032,-0.031,0.117
1100080,2020-09-02,estimate,0.023,3.22666500000733e+55,1.44300845612387e+57,0.006,0.016,0.003,0.032,-0.032,0.116
1100080,2020-09-03,estimate,0.022,2.45355500000836e+56,1.0972631533069e+58,0.005,0.015,0.003,0.033,-0.032,0.114
1100080,2020-09-04,estimate,0.022,1.883000000009e+57,8.42103200326419e+58,0.011,0.021,0.003,0.033,-0.032,0.115
1100080,2020-09-05,estimate,0.022,1.33780500000878e+58,5.98284584127819e+59,0.01,0.02,0.002,0.032,-0.031,0.116
1100080,2020-09-06,estimate,0.022,8.14855000007455e+58,3.64414234361117e+60,0.01,0.02,0.001,0.031,-0.038,0.109
1100080,2020-09-07,estimate,0.022,3.99125000005307e+59,1.7849412630392e+61,0.008,0.018,0.002,0.032,-0.035,0.112
1100080,2020-09-08,estimate,0.022,1.49716500003061e+60,6.69552542706688e+61,0.01,0.02,0.003,0.033,-0.036,0.111
1100080,2020-09-09,estimate,0.022,4.16542500013881e+60,1.86283469103538e+62,0.009,0.019,0.003,0.033,-0.031,0.115
1100080,2020-09-10,estimate,0.022,8.47265000048171e+60,3.78908426991261e+62,0.009,0.019,0.002,0.032,-0.031,0.116
1100080,2020-09-11,estimate,0.022,1.26386000012512e+61,5.65215374808549e+62,0.008,0.018,0.001,0.032,-0.04,0.108
1100080,2020-09-12,estimate,0.022,1.41004000023897e+61,6.30589058198707e+62,0.008,0.019,0.003,0.033,-0.039,0.109
1100080,2020-09-13,estimate,0.022,1.21779000033141e+61,5.4461224446382e+62,0.008,0.018,0.003,0.034,-0.038,0.109
1100080,2020-09-14,estimate,0.022,8.53180000331275e+60,3.8155369540858e+62,0.006,0.016,0.003,0.034,-0.035,0.113
1100080,2020-09-15,estimate,0.022,5.12855000238259e+60,2.29355728520078e+62,0.008,0.019,0.002,0.033,-0.036,0.113
1100080,2020-09-16,estimate,0.022,2.81423500123787e+60,1.25856415293155e+62,0.01,0.02,0.001,0.032,-0.034,0.115
1100080,2020-09-17,estimate,0.022,1.5032400004692e+60,6.72269365299252e+61,0.005,0.016,0.001,0.032,-0.037,0.111
1100080,2020-09-18,estimate,0.022,8.32265000131826e+59,3.72200223058743e+61,0.008,0.018,0,0.032,-0.037,0.111
1100080,2020-09-19,estimate,0.022,5.06005000028057e+59,2.2629231539095e+61,0.008,0.018,0.001,0.032,-0.036,0.112
1100080,2020-09-20,estimate based on partial data,0.022,3.5500000000465e+59,1.58760826402484e+61,0.008,0.018,0.002,0.034,-0.03,0.12
1100080,2020-09-21,estimate based on partial data,0.022,2.9871200000062e+59,1.33588067538983e+61,0.008,0.019,0.002,0.034,-0.032,0.122
1100080,2020-09-22,estimate based on partial data,0.022,3.09258500000069e+59,1.38304605723924e+61,0.006,0.017,0.002,0.034,-0.031,0.125
1100080,2020-09-23,estimate based on partial data,0.023,3.98337000000007e+59,1.78141721990667e+61,0.006,0.017,0.002,0.034,-0.034,0.124
1100080,2020-09-24,estimate based on partial data,0.023,6.35790000000001e+59,2.84333931882918e+61,0.006,0.016,0.003,0.035,-0.035,0.126
1100080,2020-09-25,estimate based on partial data,0.023,1.234035e+60,5.51877229322791e+61,0.005,0.016,0.003,0.035,-0.044,0.117
1100080,2020-09-26,estimate based on partial data,0.023,2.819e+60,1.26069512571438e+62,0.005,0.016,0,0.033,-0.039,0.118
1100080,2020-09-27,estimate based on partial data,0.023,7.24685e+60,3.24088984454887e+62,0.005,0.016,0.001,0.033,-0.039,0.119
1100080,2020-09-28,estimate based on partial data,0.023,1.98514e+61,8.87781596970786e+62,0.008,0.018,0.001,0.033,-0.037,0.121
1100080,2020-09-29,estimate based on partial data,0.023,5.44955e+61,2.4371128493568e+63,0.007,0.018,0.001,0.034,-0.037,0.121
1100080,2020-09-30,forecast,0.023,5.44955e+61,2.4371128493568e+63,0.007,0.018,0.001,0.034,-0.037,0.121
1100080,2020-10-01,forecast,0.023,5.44955e+61,2.4371128493568e+63,0.007,0.018,0.001,0.034,-0.037,0.121
1100080,2020-10-02,forecast,0.023,5.44955e+61,2.4371128493568e+63,0.007,0.018,0.001,0.034,-0.037,0.121
1100080,2020-10-03,forecast,0.023,5.44955e+61,2.4371128493568e+63,0.007,0.018,0.001,0.034,-0.037,0.121
1100080,2020-10-04,forecast,0.023,5.44955e+61,2.4371128493568e+63,0.007,0.018,0.001,0.034,-0.037,0.121
1100080,2020-10-05,forecast,0.023,5.44955e+61,2.4371128493568e+63,0.007,0.018,0.001,0.034,-0.037,0.121
1100080,2020-10-06,forecast,0.023,5.44955e+61,2.4371128493568e+63,0.007,0.018,0.001,0.034,-0.037,0.121
1100098,2020-07-08,estimate,0.01,0.01,0.006,0.01,0.012,0.008,0.013,0.003,0.018
1100098,2020-07-09,estimate,0.01,0.01,0.006,0.01,0.012,0.008,0.014,0.002,0.018
1100098,2020-07-10,estimate,0.01,0.01,0.006,0.009,0.011,0.008,0.014,0.003,0.019
1100098,2020-07-11,estimate,0.01,0.01,0.006,0.008,0.011,0.008,0.014,0.002,0.019
1100098,2020-07-12,estimate,0.01,0.01,0.007,0.008,0.01,0.008,0.014,0.002,0.018
1100098,2020-07-13,estimate,0.01,0.01,0.007,0.008,0.011,0.008,0.013,0.002,0.018
1100098,2020-07-14,estimate,0.01,0.01,0.007,0.008,0.01,0.007,0.013,0.002,0.019
1100098,2020-07-15,estimate,0.01,0.01,0.007,0.008,0.01,0.007,0.013,0.002,0.019
1100098,2020-07-16,estimate,0.01,0.01,0.007,0.008,0.01,0.007,0.013,0.002,0.019
1100098,2020-07-17,estimate,0.01,0.01,0.007,0.008,0.01,0.007,0.013,0.001,0.019
1100098,2020-07-18,estimate,0.01,0.01,0.008,0.009,0.011,0.007,0.013,0,0.019
1100098,2020-07-19,estimate,0.01,0.01,0.008,0.008,0.01,0.007,0.013,0,0.019
1100098,2020-07-20,estimate,0.01,0.009,0.008,0.008,0.01,0.007,0.013,0,0.019
1100098,2020-07-21,estimate,0.01,0.009,0.008,0.008,0.011,0.006,0.012,0,0.019
1100098,2020-07-22,estimate,0.01,0.009,0.008,0.008,0.011,0.007,0.013,0,0.019
1100098,2020-07-23,estimate,0.01,0.009,0.008,0.008,0.011,0.006,0.013,-0.001,0.019
1100098,2020-07-24,estimate,0.01,0.009,0.008,0.008,0.011,0.006,0.013,0,0.02
1100098,2020-07-25,estimate,0.009,0.009,0.008,0.008,0.011,0.006,0.013,0,0.02
1100098,2020-07-26,estimate,0.009,0.009,0.008,0.009,0.011,0.007,0.013,-0.001,0.019
1100098,2020-07-27,estimate,0.009,0.009,0.008,0.009,0.011,0.007,0.013,0,0.02
1100098,2020-07-28,estimate,0.009,0.009,0.008,0.009,0.011,0.006,0.013,-0.001,0.02
1100098,2020-07-29,estimate,0.009,0.009,0.008,0.009,0.011,0.006,0.013,-0.001,0.02
1100098,2020-07-30,estimate,0.009,0.009,0.009,0.009,0.011,0.007,0.014,-0.001,0.02
1100098,2020-07-31,estimate,0.009,0.009,0.009,0.009,0.011,0.006,0.013,-0.001,0.019
1100098,2020-08-01,estimate,0.009,0.008,0.009,0.009,0.011,0.006,0.013,-0.002,0.019
1100098,2020-08-02,estimate,0.009,0.008,0.009,0.008,0.011,0.006,0.013,-0.002,0.019
1100098,2020-08-03,estimate,0.009,0.008,0.009,0.009,0.012,0.006,0.013,-0.002,0.019
1100098,2020-08-04,estimate,0.009,0.008,0.009,0.009,0.012,0.006,0.013,-0.003,0.019
1100098,2020-08-05,estimate,0.009,0.008,0.009,0.009,0.012,0.006,0.013,-0.002,0.019
1100098,2020-08-06,estimate,0.009,0.008,0.009,0.009,0.012,0.006,0.013,-0.003,0.019
1100098,2020-08-07,estimate,0.009,0.008,0.01,0.009,0.011,0.007,0.013,-0.003,0.019
1100098,2020-08-08,estimate,0.009,0.008,0.01,0.009,0.011,0.006,0.013,-0.003,0.019
1100098,2020-08-09,estimate,0.009,0.008,0.01,0.009,0.011,0.007,0.014,-0.003,0.019
1100098,2020-08-10,estimate,0.009,0.008,0.01,0.009,0.011,0.006,0.013,-0.004,0.019
1100098,2020-08-11,estimate,0.009,0.008,0.01,0.009,0.011,0.007,0.014,-0.003,0.02
1100098,2020-08-12,estimate,0.009,0.007,0.01,0.009,0.011,0.006,0.014,-0.004,0.02
1100098,2020-08-13,estimate,0.009,0.007,0.011,0.009,0.011,0.006,0.013,-0.004,0.02
1100098,2020-08-14,estimate,0.009,0.007,0.011,0.009,0.011,0.006,0.013,-0.004,0.02
1100098,2020-08-15,estimate,0.009,0.007,0.011,0.009,0.011,0.006,0.013,-0.004,0.021
1100098,2020-08-16,estimate,0.009,0.007,0.011,0.008,0.011,0.006,0.013,-0.004,0.02
1100098,2020-08-17,estimate,0.009,0.007,0.011,0.008,0.011,0.006,0.013,-0.004,0.02
1100098,2020-08-18,estimate,0.009,0.007,0.011,0.008,0.011,0.006,0.013,-0.005,0.02
1100098,2020-08-19,estimate,0.008,0.007,0.012,0.008,0.01,0.006,0.013,-0.005,0.02
1100098,2020-08-20,estimate,0.008,0.007,0.012,0.008,0.01,0.006,0.013,-0.005,0.021
1100098,2020-08-21,estimate,0.008,0.007,0.012,0.008,0.011,0.006,0.014,-0.005,0.021
1100098,2020-08-22,estimate,0.008,0.007,0.012,0.008,0.01,0.006,0.013,-0.005,0.021
1100098,2020-08-23,estimate,0.008,0.007,0.012,0.008,0.011,0.005,0.012,-0.006,0.02
1100098,2020-08-24,estimate,0.008,0.007,0.012,0.008,0.011,0.005,0.012,-0.006,0.02
1100098,2020-08-25,estimate,0.008,0.007,0.012,0.009,0.012,0.005,0.013,-0.006,0.02
1100098,2020-08-26,estimate,0.008,0.007,0.012,0.009,0.012,0.005,0.013,-0.006,0.02
1100098,2020-08-27,estimate,0.008,0.007,0.012,0.009,0.012,0.006,0.013,-0.006,0.02
1100098,2020-08-28,estimate,0.008,0.007,0.012,0.009,0.012,0.005,0.013,-0.006,0.02
1100098,2020-08-29,estimate,0.008,0.007,0.012,0.008,0.011,0.005,0.013,-0.005,0.021
1100098,2020-08-30,estimate,0.008,0.007,0.012,0.007,0.01,0.005,0.013,-0.005,0.022
1100098,2020-08-31,estimate,0.008,0.007,0.012,0.008,0.011,0.005,0.013,-0.006,0.021
1100098,2020-09-01,estimate,0.008,0.007,0.012,0.008,0.011,0.005,0.013,-0.006,0.021
1100098,2020-09-02,estimate,0.008,0.007,0.012,0.008,0.011,0.005,0.013,-0.007,0.02
1100098,2020-09-03,estimate,0.008,0.007,0.012,0.008,0.011,0.005,0.013,-0.007,0.021
1100098,2020-09-04,estimate,0.008,0.007,0.012,0.008,0.011,0.006,0.013,-0.006,0.021
1100098,2020-09-05,estimate,0.008,0.007,0.012,0.009,0.012,0.005,0.013,-0.007,0.021
1100098,2020-09-06,estimate,0.008,0.007,0.013,0.007,0.01,0.005,0.013,-0.007,0.021
1100098,2020-09-07,estimate,0.008,0.007,0.013,0.008,0.011,0.005,0.013,-0.007,0.021
1100098,2020-09-08,estimate,0.008,0.007,0.013,0.008,0.011,0.005,0.013,-0.007,0.021
1100098,2020-09-09,estimate,0.008,0.007,0.013,0.009,0.012,0.005,0.013,-0.006,0.021
1100098,2020-09-10,estimate,0.008,0.007,0.013,0.009,0.012,0.005,0.013,-0.006,0.021
1100098,2020-09-11,estimate,0.008,0.007,0.013,0.009,0.012,0.005,0.013,-0.007,0.021
1100098,2020-09-12,estimate,0.008,0.007,0.013,0.009,0.012,0.005,0.013,-0.007,0.021
1100098,2020-09-13,estimate,0.008,0.007,0.013,0.009,0.012,0.005,0.013,-0.007,0.021
1100098,2020-09-14,estimate,0.008,0.007,0.014,0.009,0.011,0.005,0.013,-0.007,0.021
1100098,2020-09-15,estimate,0.008,0.007,0.014,0.009,0.012,0.005,0.013,-0.007,0.021
1100098,2020-09-16,estimate,0.008,0.007,0.014,0.009,0.012,0.005,0.013,-0.007,0.021
1100098,2020-09-17,estimate,0.008,0.007,0.014,0.009,0.012,0.005,0.013,-0.007,0.021
1100098,2020-09-18,estimate,0.008,0.007,0.014,0.009,0.012,0.005,0.013,-0.007,0.021
1100098,2020-09-19,estimate,0.008,0.007,0.014,0.009,0.012,0.005,0.013,-0.007,0.022
1100098,2020-09-20,estimate based on partial data,0.008,0.007,0.014,0.009,0.012,0.005,0.013,-0.007,0.021
1100098,2020-09-21,estimate based on partial data,0.008,0.007,0.014,0.009,0.012,0.005,0.013,-0.007,0.021
1100098,2020-09-22,estimate based on partial data,0.008,0.007,0.014,0.009,0.012,0.005,0.013,-0.007,0.022
1100098,2020-09-23,estimate based on partial data,0.008,0.007,0.014,0.009,0.012,0.005,0.013,-0.008,0.021
1100098,2020-09-24,estimate based on partial data,0.008,0.007,0.014,0.01,0.012,0.005,0.013,-0.009,0.02
1100098,2020-09-25,estimate based on partial data,0.009,0.007,0.014,0.009,0.012,0.005,0.013,-0.009,0.02
1100098,2020-09-26,estimate based on partial data,0.009,0.007,0.014,0.008,0.011,0.005,0.013,-0.01,0.02
1100098,2020-09-27,estimate based on partial data,0.009,0.007,0.013,0.008,0.011,0.005,0.013,-0.01,0.02
1100098,2020-09-28,estimate based on partial data,0.009,0.007,0.013,0.008,0.011,0.005,0.013,-0.009,0.021
1100098,2020-09-29,estimate based on partial data,0.008,0.007,0.013,0.008,0.011,0.005,0.013,-0.009,0.021
1100098,2020-09-30,forecast,0.008,0.007,0.013,0.008,0.011,0.005,0.013,-0.009,0.021
1100098,2020-10-01,forecast,0.008,0.007,0.013,0.008,0.011,0.005,0.013,-0.009,0.021
1100098,2020-10-02,forecast,0.008,0.007,0.013,0.008,0.011,0.005,0.013,-0.009,0.021
1100098,2020-10-03,forecast,0.008,0.007,0.013,0.008,0.011,0.005,0.013,-0.009,0.021
1100098,2020-10-04,forecast,0.008,0.007,0.013,0.008,0.011,0.005,0.013,-0.009,0.021
1100098,2020-10-05,forecast,0.008,0.007,0.013,0.008,0.011,0.005,0.013,-0.009,0.021
1100098,2020-10-06,forecast,0.008,0.007,0.013,0.008,0.011,0.005,0.013,-0.009,0.021
1100106,2020-07-08,estimate,-0.016,-0.018,0.01,-0.014,-0.011,-0.02,-0.009,-0.032,-0.002
1100106,2020-07-09,estimate,-0.016,-0.018,0.01,-0.014,-0.011,-0.019,-0.008,-0.032,-0.002
1100106,2020-07-10,estimate,-0.016,-0.018,0.01,-0.014,-0.01,-0.019,-0.008,-0.033,-0.003
1100106,2020-07-11,estimate,-0.016,-0.018,0.01,-0.014,-0.01,-0.019,-0.008,-0.034,-0.004
1100106,2020-07-12,estimate,-0.016,-0.018,0.011,-0.014,-0.011,-0.019,-0.008,-0.034,-0.004
1100106,2020-07-13,estimate,-0.016,-0.018,0.011,-0.017,-0.013,-0.021,-0.01,-0.035,-0.004
1100106,2020-07-14,estimate,-0.016,-0.018,0.011,-0.017,-0.013,-0.021,-0.01,-0.034,-0.003
1100106,2020-07-15,estimate,-0.016,-0.018,0.011,-0.015,-0.011,-0.021,-0.01,-0.035,-0.004
1100106,2020-07-16,estimate,-0.016,-0.018,0.011,-0.016,-0.012,-0.021,-0.01,-0.035,-0.004
1100106,2020-07-17,estimate,-0.016,-0.018,0.011,-0.017,-0.013,-0.021,-0.009,-0.035,-0.004
1100106,2020-07-18,estimate,-0.016,-0.018,0.011,-0.017,-0.013,-0.02,-0.009,-0.035,-0.003
1100106,2020-07-19,estimate,-0.016,-0.018,0.011,-0.016,-0.013,-0.021,-0.01,-0.035,-0.003
1100106,2020-07-20,estimate,-0.016,-0.018,0.011,-0.015,-0.011,-0.021,-0.009,-0.035,-0.003
1100106,2020-07-21,estimate,-0.016,-0.018,0.011,-0.015,-0.011,-0.02,-0.009,-0.035,-0.003
1100106,2020-07-22,estimate,-0.016,-0.018,0.011,-0.015,-0.011,-0.022,-0.01,-0.035,-0.003
1100106,2020-07-23,estimate,-0.016,-0.019,0.011,-0.016,-0.012,-0.022,-0.01,-0.035,-0.003
1100106,2020-07-24,estimate,-0.017,-0.019,0.011,-0.017,-0.013,-0.022,-0.01,-0.035,-0.003
1100106,2020-07-25,estimate,-0.017,-0.019,0.011,-0.017,-0.013,-0.022,-0.01,-0.036,-0.004
1100106,2020-07-26,estimate,-0.017,-0.019,0.011,-0.017,-0.013,-0.022,-0.01,-0.036,-0.004
1100106,2020-07-27,estimate,-0.017,-0.019,0.011,-0.017,-0.013,-0.019,-0.008,-0.036,-0.004
1100106,2020-07-28,estimate,-0.017,-0.019,0.012,-0.016,-0.012,-0.02,-0.008,-0.037,-0.004
1100106,2020-07-29,estimate,-0.017,-0.019,0.012,-0.017,-0.012,-0.02,-0.008,-0.036,-0.003
1100106,2020-07-30,estimate,-0.017,-0.019,0.012,-0.017,-0.013,-0.021,-0.009,-0.037,-0.004
1100106,2020-07-31,estimate,-0.017,-0.019,0.012,-0.017,-0.013,-0.021,-0.009,-0.036,-0.003
1100106,2020-08-01,estimate,-0.017,-0.019,0.012,-0.015,-0.01,-0.021,-0.009,-0.037,-0.003
1100106,2020-08-02,estimate,-0.017,-0.019,0.012,-0.017,-0.012,-0.021,-0.009,-0.036,-0.002
1100106,2020-08-03,estimate,-0.017,-0.019,0.012,-0.015,-0.01,-0.02,-0.008,-0.037,-0.003
1100106,2020-08-04,estimate,-0.017,-0.019,0.012,-0.018,-0.014,-0.021,-0.009,-0.038,-0.004
1100106,2020-08-05,estimate,-0.017,-0.019,0.012,-0.016,-0.011,-0.021,-0.009,-0.038,-0.004
1100106,2020-08-06,estimate,-0.017,-0.019,0.012,-0.018,-0.014,-0.021,-0.009,-0.038,-0.004
1100106,2020-08-07,estimate,-0.017,-0.019,0.012,-0.015,-0.011,-0.021,-0.009,-0.038,-0.004
1100106,2020-08-08,estimate,-0.018,-0.019,0.012,-0.015,-0.011,-0.021,-0.009,-0.038,-0.004
1100106,2020-08-09,estimate,-0.018,-0.019,0.012,-0.015,-0.011,-0.021,-0.009,-0.038,-0.004
1100106,2020-08-10,estimate,-0.018,-0.019,0.012,-0.015,-0.011,-0.021,-0.009,-0.038,-0.004
1100106,2020-08-11,estimate,-0.018,-0.019,0.012,-0.016,-0.012,-0.022,-0.009,-0.038,-0.004
1100106,2020-08-12,estimate,-0.018,-0.02,0.012,-0.017,-0.012,-0.022,-0.009,-0.038,-0.004
1100106,2020-08-13,estimate,-0.018,-0.02,0.013,-0.016,-0.012,-0.02,-0.008,-0.038,-0.004
1100106,2020-08-14,estimate,-0.018,-0.02,0.013,-0.016,-0.012,-0.02,-0.008,-0.039,-0.004
1100106,2020-08-15,estimate,-0.018,-0.02,0.013,-0.017,-0.012,-0.02,-0.008,-0.038,-0.003
1100106,2020-08-16,estimate,-0.018,-0.02,0.013,-0.017,-0.012,-0.02,-0.007,-0.038,-0.003
1100106,2020-08-17,estimate,-0.018,-0.02,0.013,-0.017,-0.012,-0.02,-0.008,-0.038,-0.003
1100106,2020-08-18,estimate,-0.018,-0.02,0.013,-0.016,-0.012,-0.02,-0.007,-0.038,-0.003
1100106,2020-08-19,estimate,-0.018,-0.02,0.013,-0.017,-0.012,-0.02,-0.007,-0.04,-0.004
1100106,2020-08-20,estimate,-0.018,-0.02,0.013,-0.017,-0.013,-0.02,-0.008,-0.039,-0.003
1100106,2020-08-21,estimate,-0.018,-0.02,0.013,-0.017,-0.012,-0.021,-0.008,-0.04,-0.004
1100106,2020-08-22,estimate,-0.018,-0.02,0.013,-0.016,-0.012,-0.02,-0.008,-0.039,-0.003
1100106,2020-08-23,estimate,-0.018,-0.02,0.013,-0.016,-0.011,-0.022,-0.009,-0.039,-0.003
1100106,2020-08-24,estimate,-0.018,-0.02,0.013,-0.017,-0.012,-0.021,-0.008,-0.039,-0.003
1100106,2020-08-25,estimate,-0.018,-0.02,0.013,-0.016,-0.011,-0.021,-0.008,-0.04,-0.003
1100106,2020-08-26,estimate,-0.018,-0.02,0.013,-0.016,-0.011,-0.021,-0.008,-0.04,-0.004
1100106,2020-08-27,estimate,-0.018,-0.02,0.013,-0.016,-0.011,-0.021,-0.008,-0.04,-0.003
1100106,2020-08-28,estimate,-0.018,-0.02,0.013,-0.016,-0.012,-0.021,-0.008,-0.04,-0.003
1100106,2020-08-29,estimate,-0.018,-0.02,0.013,-0.016,-0.012,-0.021,-0.008,-0.04,-0.003
1100106,2020-08-30,estimate,-0.018,-0.02,0.013,-0.017,-0.012,-0.021,-0.008,-0.04,-0.003
1100106,2020-08-31,estimate,-0.018,-0.02,0.013,-0.016,-0.012,-0.021,-0.008,-0.04,-0.003
1100106,2020-09-01,estimate,-0.018,-0.02,0.013,-0.017,-0.012,-0.022,-0.009,-0.04,-0.003
1100106,2020-09-02,estimate,-0.018,-0.02,0.014,-0.017,-0.012,-0.022,-0.009,-0.041,-0.003
1100106,2020-09-03,estimate,-0.018,-0.02,0.014,-0.017,-0.012,-0.021,-0.008,-0.041,-0.004
1100106,2020-09-04,estimate,-0.018,-0.02,0.014,-0.017,-0.012,-0.021,-0.008,-0.041,-0.003
1100106,2020-09-05,estimate,-0.018,-0.02,0.014,-0.016,-0.011,-0.021,-0.008,-0.041,-0.002
1100106,2020-09-06,estimate,-0.018,-0.02,0.014,-0.016,-0.012,-0.022,-0.008,-0.041,-0.002
1100106,2020-09-07,estimate,-0.018,-0.02,0.014,-0.016,-0.012,-0.022,-0.009,-0.043,-0.003
1100106,2020-09-08,estimate,-0.018,-0.02,0.014,-0.016,-0.012,-0.021,-0.008,-0.043,-0.003
1100106,2020-09-09,estimate,-0.018,-0.02,0.014,-0.016,-0.012,-0.021,-0.008,-0.042,-0.003
1100106,2020-09-10,estimate,-0.018,-0.02,0.014,-0.017,-0.012,-0.021,-0.008,-0.043,-0.003
1100106,2020-09-11,estimate,-0.018,-0.02,0.014,-0.016,-0.012,-0.022,-0.009,-0.043,-0.003
1100106,2020-09-12,estimate,-0.018,-0.02,0.014,-0.017,-0.012,-0.022,-0.009,-0.043,-0.003
1100106,2020-09-13,estimate,-0.018,-0.02,0.014,-0.017,-0.012,-0.022,-0.008,-0.043,-0.003
1100106,2020-09-14,estimate,-0.018,-0.02,0.014,-0.017,-0.012,-0.022,-0.008,-0.043,-0.003
1100106,2020-09-15,estimate,-0.018,-0.02,0.014,-0.016,-0.011,-0.021,-0.008,-0.043,-0.003
1100106,2020-09-16,estimate,-0.018,-0.02,0.014,-0.017,-0.013,-0.021,-0.008,-0.043,-0.003
1100106,2020-09-17,estimate,-0.018,-0.02,0.015,-0.016,-0.011,-0.021,-0.008,-0.042,-0.002
1100106,2020-09-18,estimate,-0.018,-0.02,0.015,-0.017,-0.012,-0.021,-0.008,-0.043,-0.003
1100106,2020-09-19,estimate,-0.018,-0.02,0.015,-0.016,-0.011,-0.022,-0.008,-0.043,-0.002
1100106,2020-09-20,estimate based on partial data,-0.018,-0.02,0.015,-0.016,-0.011,-0.022,-0.008,-0.043,-0.002
1100106,2020-09-21,estimate based on partial data,-0.018,-0.02,0.015,-0.016,-0.012,-0.022,-0.008,-0.044,-0.003
1100106,2020-09-22,estimate based on partial data,-0.018,-0.02,0.015,-0.016,-0.011,-0.022,-0.008,-0.044,-0.003
1100106,2020-09-23,estimate based on partial data,-0.018,-0.02,0.015,-0.016,-0.011,-0.022,-0.008,-0.044,-0.003
1100106,2020-09-24,estimate based on partial data,-0.018,-0.02,0.015,-0.016,-0.012,-0.022,-0.008,-0.042,0
1100106,2020-09-25,estimate based on partial data,-0.018,-0.02,0.015,-0.016,-0.011,-0.022,-0.008,-0.042,0
1100106,2020-09-26,estimate based on partial data,-0.018,-0.02,0.015,-0.016,-0.011,-0.022,-0.008,-0.041,0
1100106,2020-09-27,estimate based on partial data,-0.018,-0.02,0.015,-0.017,-0.012,-0.022,-0.008,-0.042,0
1100106,2020-09-28,estimate based on partial data,-0.018,-0.02,0.015,-0.017,-0.012,-0.022,-0.008,-0.041,0.001
1100106,2020-09-29,estimate based on partial data,-0.018,-0.02,0.015,-0.016,-0.012,-0.022,-0.008,-0.04,0.002
1100106,2020-09-30,forecast,-0.018,-0.02,0.015,-0.016,-0.012,-0.022,-0.008,-0.04,0.002
1100106,2020-10-01,forecast,-0.018,-0.02,0.015,-0.016,-0.012,-0.022,-0.008,-0.04,0.002
1100106,2020-10-02,forecast,-0.018,-0.02,0.015,-0.016,-0.012,-0.022,-0.008,-0.04,0.002
1100106,2020-10-03,forecast,-0.018,-0.02,0.015,-0.016,-0.012,-0.022,-0.008,-0.04,0.002
1100106,2020-10-04,forecast,-0.018,-0.02,0.015,-0.016,-0.012,-0.022,-0.008,-0.04,0.002
1100106,2020-10-05,forecast,-0.018,-0.02,0.015,-0.016,-0.012,-0.022,-0.008,-0.04,0.002
1100106,2020-10-06,forecast,-0.018,-0.02,0.015,-0.016,-0.012,-0.022,-0.008,-0.04,0.002
1100114,2020-07-08,estimate,-0.007,-0.006,0.093,-0.006,-0.004,-0.01,-0.003,-0.019,0.001
1100114,2020-07-09,estimate,-0.007,-0.004,0.177,-0.006,-0.004,-0.01,-0.003,-0.019,0.001
1100114,2020-07-10,estimate,-0.007,-0.001,0.318,-0.006,-0.003,-0.01,-0.003,-0.02,0.001
1100114,2020-07-11,estimate,-0.007,0.004,0.534,-0.006,-0.004,-0.01,-0.003,-0.02,0.001
1100114,2020-07-12,estimate,-0.007,0.011,0.835,-0.006,-0.003,-0.01,-0.003,-0.021,0.001
1100114,2020-07-13,estimate,-0.007,0.019,1.211,-0.006,-0.003,-0.01,-0.003,-0.021,0.001
1100114,2020-07-14,estimate,-0.007,0.028,1.629,-0.006,-0.003,-0.01,-0.003,-0.021,0.002
1100114,2020-07-15,estimate,-0.007,0.037,2.035,-0.006,-0.003,-0.01,-0.002,-0.021,0.002
1100114,2020-07-16,estimate,-0.007,0.045,2.366,-0.006,-0.003,-0.01,-0.003,-0.02,0.003
1100114,2020-07-17,estimate,-0.007,0.05,2.572,-0.006,-0.003,-0.01,-0.003,-0.021,0.002
1100114,2020-07-18,estimate,-0.007,0.052,2.626,-0.006,-0.003,-0.01,-0.003,-0.02,0.004
1100114,2020-07-19,estimate,-0.007,0.051,2.537,-0.007,-0.004,-0.01,-0.002,-0.021,0.003
1100114,2020-07-20,estimate,-0.007,0.049,2.335,-0.006,-0.004,-0.01,-0.003,-0.021,0.003
1100114,2020-07-21,estimate,-0.007,0.044,2.062,-0.006,-0.004,-0.01,-0.003,-0.021,0.003
1100114,2020-07-22,estimate,-0.007,0.037,1.755,-0.006,-0.004,-0.01,-0.003,-0.022,0.003
1100114,2020-07-23,estimate,-0.007,0.029,1.444,-0.006,-0.004,-0.01,-0.003,-0.022,0.003
1100114,2020-07-24,estimate,-0.007,0.021,1.158,-0.007,-0.005,-0.009,-0.002,-0.023,0.003
1100114,2020-07-25,estimate,-0.007,0.014,0.914,-0.007,-0.005,-0.01,-0.002,-0.022,0.004
1100114,2020-07-26,estimate,-0.007,0.009,0.717,-0.006,-0.003,-0.01,-0.002,-0.023,0.003
1100114,2020-07-27,estimate,-0.007,0.005,0.562,-0.006,-0.004,-0.01,-0.002,-0.024,0.003
1100114,2020-07-28,estimate,-0.007,0.002,0.442,-0.007,-0.004,-0.01,-0.002,-0.024,0.003
1100114,2020-07-29,estimate,-0.007,0,0.35,-0.007,-0.004,-0.01,-0.002,-0.024,0.003
1100114,2020-07-30,estimate,-0.007,-0.002,0.281,-0.007,-0.004,-0.01,-0.002,-0.025,0.003
1100114,2020-07-31,estimate,-0.007,-0.003,0.23,-0.007,-0.004,-0.01,-0.002,-0.025,0.003
1100114,2020-08-01,estimate,-0.007,-0.004,0.192,-0.008,-0.005,-0.01,-0.002,-0.024,0.004
1100114,2020-08-02,estimate,-0.007,-0.005,0.164,-0.008,-0.005,-0.009,-0.002,-0.024,0.003
1100114,2020-08-03,estimate,-0.007,-0.005,0.145,-0.008,-0.005,-0.01,-0.002,-0.025,0.003
1100114,2020-08-04,estimate,-0.007,-0.005,0.132,-0.007,-0.005,-0.01,-0.002,-0.023,0.005
1100114,2020-08-05,estimate,-0.007,-0.005,0.124,-0.007,-0.005,-0.01,-0.002,-0.024,0.004
1100114,2020-08-06,estimate,-0.007,-0.006,0.121,-0.007,-0.005,-0.01,-0.003,-0.024,0.004
1100114,2020-08-07,estimate,-0.007,-0.005,0.123,-0.007,-0.004,-0.01,-0.002,-0.024,0.005
1100114,2020-08-08,estimate,-0.007,-0.005,0.129,-0.007,-0.004,-0.01,-0.002,-0.025,0.004
1100114,2020-08-09,estimate,-0.007,-0.005,0.142,-0.007,-0.004,-0.01,-0.002,-0.024,0.004
1100114,2020-08-10,estimate,-0.007,-0.005,0.163,-0.007,-0.004,-0.01,-0.002,-0.025,0.004
1100114,2020-08-11,estimate,-0.007,-0.004,0.196,-0.007,-0.005,-0.01,-0.002,-0.025,0.004
1100114,2020-08-12,estimate,-0.007,-0.003,0.244,-0.007,-0.005,-0.01,-0.002,-0.026,0.003
1100114,2020-08-13,estimate,-0.007,-0.001,0.318,-0.007,-0.005,-0.01,-0.002,-0.022,0.007
1100114,2020-08-14,estimate,-0.007,0.001,0.431,-0.008,-0.005,-0.01,-0.001,-0.022,0.007
1100114,2020-08-15,estimate,-0.007,0.005,0.604,-0.008,-0.005,-0.01,-0.002,-0.023,0.006
1100114,2020-08-16,estimate,-0.007,0.011,0.875,-0.007,-0.004,-0.01,-0.002,-0.023,0.007
1100114,2020-08-17,estimate,-0.007,0.021,1.303,-0.007,-0.004,-0.01,-0.002,-0.024,0.006
1100114,2020-08-18,estimate,-0.007,0.036,1.983,-0.007,-0.004,-0.011,-0.002,-0.024,0.006
1100114,2020-08-19,estimate,-0.007,0.06,3.062,-0.007,-0.005,-0.01,-0.002,-0.025,0.005
1100114,2020-08-20,estimate,-0.007,0.098,4.761,-0.008,-0.005,-0.01,-0.002,-0.025,0.005
1100114,2020-08-21,estimate,-0.007,0.157,7.397,-0.007,-0.004,-0.01,-0.001,-0.025,0.005
1100114,2020-08-22,estimate,-0.007,0.246,11.381,-0.007,-0.004,-0.01,-0.002,-0.025,0.006
1100114,2020-08-23,estimate,-0.007,0.376,17.183,-0.007,-0.005,-0.01,-0.002,-0.025,0.006
1100114,2020-08-24,estimate,-0.007,0.556,25.226,-0.006,-0.003,-0.01,-0.002,-0.025,0.006
1100114,2020-08-25,estimate,-0.007,0.79,35.684,-0.006,-0.003,-0.01,-0.002,-0.025,0.006
1100114,2020-08-26,estimate,-0.007,1.071,48.214,-0.007,-0.004,-0.01,-0.002,-0.026,0.005
1100114,2020-08-27,estimate,-0.007,1.373,61.728,-0.006,-0.003,-0.01,-0.002,-0.026,0.006
1100114,2020-08-28,estimate,-0.007,1.656,74.351,-0.006,-0.003,-0.01,-0.002,-0.026,0.005
1100114,2020-08-29,estimate,-0.007,1.868,83.761,-0.006,-0.003,-0.01,-0.002,-0.025,0.006
1100114,2020-08-30,estimate,-0.007,1.963,87.861,-0.006,-0.003,-0.011,-0.002,-0.026,0.006
1100114,2020-08-31,estimate,-0.007,1.916,85.573,-0.006,-0.003,-0.011,-0.002,-0.026,0.006
1100114,2020-09-01,estimate,-0.007,1.738,77.311,-0.006,-0.003,-0.011,-0.002,-0.027,0.005
1100114,2020-09-02,estimate,-0.007,1.47,64.857,-0.006,-0.003,-0.011,-0.002,-0.027,0.005
1100114,2020-09-03,estimate,-0.007,1.171,50.693,-0.006,-0.003,-0.011,-0.002,-0.026,0.006
1100114,2020-09-04,estimate,-0.007,0.896,37.182,-0.008,-0.005,-0.01,-0.002,-0.026,0.006
1100114,2020-09-05,estimate,-0.007,0.685,26.09,-0.007,-0.004,-0.01,-0.002,-0.026,0.007
1100114,2020-09-06,estimate,-0.007,0.563,18.885,-0.007,-0.004,-0.01,-0.002,-0.025,0.008
1100114,2020-09-07,estimate,-0.007,0.54,17.501,-0.007,-0.004,-0.01,-0.002,-0.025,0.008
1100114,2020-09-08,estimate,-0.007,0.624,22.763,-0.007,-0.004,-0.011,-0.002,-0.024,0.009
1100114,2020-09-09,estimate,-0.007,0.82,33.399,-0.006,-0.003,-0.011,-0.002,-0.024,0.009
1100114,2020-09-10,estimate,-0.007,1.13,48.604,-0.006,-0.003,-0.011,-0.002,-0.024,0.009
1100114,2020-09-11,estimate,-0.007,1.536,67.651,-0.006,-0.003,-0.011,-0.002,-0.024,0.009
1100114,2020-09-12,estimate,-0.007,1.993,88.598,-0.006,-0.003,-0.011,-0.002,-0.025,0.009
1100114,2020-09-13,estimate,-0.007,2.414,107.757,-0.006,-0.003,-0.011,-0.002,-0.024,0.009
1100114,2020-09-14,estimate,-0.007,2.69,120.285,-0.006,-0.003,-0.011,-0.002,-0.026,0.008
1100114,2020-09-15,estimate,-0.007,2.726,121.966,-0.007,-0.004,-0.011,-0.002,-0.026,0.008
1100114,2020-09-16,estimate,-0.007,2.489,111.419,-0.007,-0.004,-0.011,-0.003,-0.026,0.009
1100114,2020-09-17,estimate,-0.007,2.035,91.185,-0.007,-0.004,-0.01,-0.002,-0.026,0.009
1100114,2020-09-18,estimate,-0.007,1.487,66.685,-0.008,-0.005,-0.01,-0.002,-0.025,0.01
1100114,2020-09-19,estimate,-0.007,0.971,43.612,-0.008,-0.005,-0.01,-0.002,-0.025,0.01
1100114,2020-09-20,estimate based on partial data,-0.007,0.57,25.617,-0.008,-0.005,-0.01,-0.002,-0.025,0.01
1100114,2020-09-21,estimate based on partial data,-0.007,0.302,13.623,-0.008,-0.004,-0.011,-0.002,-0.027,0.009
1100114,2020-09-22,estimate based on partial data,-0.007,0.148,6.637,-0.007,-0.004,-0.01,-0.001,-0.027,0.009
1100114,2020-09-23,estimate based on partial data,-0.007,0.07,3.03,-0.008,-0.005,-0.011,-0.002,-0.027,0.01
1100114,2020-09-24,estimate based on partial data,-0.007,0.037,1.455,-0.007,-0.004,-0.011,-0.002,-0.027,0.009
1100114,2020-09-25,estimate based on partial data,-0.007,0.03,1.248,-0.007,-0.004,-0.01,-0.001,-0.026,0.011
1100114,2020-09-26,estimate based on partial data,-0.007,0.041,1.948,-0.007,-0.004,-0.01,-0.001,-0.029,0.008
1100114,2020-09-27,estimate based on partial data,-0.007,0.072,3.439,-0.007,-0.004,-0.012,-0.003,-0.029,0.008
1100114,2020-09-28,estimate based on partial data,-0.007,0.133,6.25,-0.007,-0.004,-0.012,-0.003,-0.029,0.008
1100114,2020-09-29,estimate based on partial data,-0.007,0.25,11.485,-0.007,-0.004,-0.011,-0.002,-0.029,0.008
1100114,2020-09-30,forecast,-0.007,0.25,11.485,-0.007,-0.004,-0.011,-0.002,-0.029,0.008
1100114,2020-10-01,forecast,-0.007,0.25,11.485,-0.007,-0.004,-0.011,-0.002,-0.029,0.008
1100114,2020-10-02,forecast,-0.007,0.25,11.485,-0.007,-0.004,-0.011,-0.002,-0.029,0.008
1100114,2020-10-03,forecast,-0.007,0.25,11.485,-0.007,-0.004,-0.011,-0.002,-0.029,0.008
1100114,2020-10-04,forecast,-0.007,0.25,11.485,-0.007,-0.004,-0.011,-0.002,-0.029,0.008
1100114,2020-10-05,forecast,-0.007,0.25,11.485,-0.007,-0.004,-0.011,-0.002,-0.029,0.008
1100114,2020-10-06,forecast,-0.007,0.25,11.485,-0.007,-0.004,-0.011,-0.002,-0.029,0.008
1100122,2020-07-08,estimate,0.11,903820210091132,40394786884030300,0.031,0.072,0.016,0.133,-0.067,0.52
1100122,2020-07-09,estimate,0.105,419254457529332,18743793089443000,0.031,0.07,0.01,0.124,-0.096,0.485
1100122,2020-07-10,estimate,0.1,243014988860748,10866440010736100,0.026,0.067,0.007,0.121,-0.069,0.5
1100122,2020-07-11,estimate,0.097,174699976705351,7812374089331880,0.027,0.067,0.007,0.12,-0.084,0.471
1100122,2020-07-12,estimate,0.094,153560783739207,6867300097205290,0.029,0.068,0.005,0.118,-0.086,0.457
1100122,2020-07-13,estimate,0.092,161757203719647,7233948208639960,0.024,0.064,-0.001,0.111,-0.083,0.436
1100122,2020-07-14,estimate,0.09,199168987452382,8907086088654800,0.02,0.06,0.004,0.114,-0.086,0.431
1100122,2020-07-15,estimate,0.088,278603716192660,12459527290554400,0.028,0.068,-0.001,0.109,-0.089,0.438
1100122,2020-07-16,estimate,0.087,429373104138839,19202144311731100,0.025,0.065,0,0.111,-0.08,0.447
1100122,2020-07-17,estimate,0.086,706490054076228,31595193307266800,0.026,0.065,-0.001,0.11,-0.091,0.428
1100122,2020-07-18,estimate,0.085,1203425030089810,53818802115780500,0.024,0.063,-0.004,0.107,-0.077,0.431
1100122,2020-07-19,estimate,0.083,2061790017866250,92206051906186100,0.021,0.06,-0.003,0.107,-0.074,0.432
1100122,2020-07-20,estimate,0.082,3462790011295360,154860676635877000,0.021,0.06,-0.002,0.109,-0.077,0.428
1100122,2020-07-21,estimate,0.082,5579800007601980,249536242016896000,0.022,0.061,-0.009,0.103,-0.08,0.428
1100122,2020-07-22,estimate,0.081,8484400005454880,379433902965862000,0.021,0.06,0.007,0.12,-0.138,0.368
1100122,2020-07-23,estimate,0.08,12039050004185700,538402683690283000,0.019,0.058,-0.007,0.107,-0.137,0.365
1100122,2020-07-24,estimate,0.08,15854650003448500,709041503189264000,0.024,0.063,0.006,0.119,-0.138,0.366
1100122,2020-07-25,estimate,0.078,19380900003064100,866740197302445000,0.025,0.063,0.007,0.121,-0.12,0.378
1100122,2020-07-26,estimate,0.077,22110750002948700,988822800670004000,0.024,0.061,-0.003,0.112,-0.111,0.384
1100122,2020-07-27,estimate,0.077,23781750003083300,1063552192478040000,0.021,0.058,0.005,0.12,-0.126,0.362
1100122,2020-07-28,estimate,0.076,24456600003508100,1093732401970350000,0.022,0.059,0.003,0.118,-0.11,0.367
1100122,2020-07-29,estimate,0.076,24459150004338100,1093846441437180000,0.011,0.048,-0.009,0.106,-0.112,0.361
1100122,2020-07-30,estimate,0.076,24242150005805400,1084141906414800000,0.02,0.057,-0.003,0.113,-0.107,0.369
1100122,2020-07-31,estimate,0.076,24282300008343200,1085937469000680000,0.007,0.045,-0.006,0.11,-0.113,0.365
1100122,2020-08-01,estimate,0.076,25056050012730800,1120540620952390000,0.013,0.051,0.003,0.117,-0.128,0.365
1100122,2020-08-02,estimate,0.076,27107450020318600,1212282017933080000,0.006,0.044,0.002,0.117,-0.104,0.392
1100122,2020-08-03,estimate,0.076,31215050033301600,1395979474420350000,0.006,0.044,0.001,0.117,-0.11,0.389
1100122,2020-08-04,estimate,0.077,38709200054867900,1731128051091470000,0.006,0.045,0.002,0.12,-0.111,0.387
1100122,2020-08-05,estimate,0.078,52090000088764400,2329535618957300000,0.006,0.046,0.007,0.126,-0.119,0.389
1100122,2020-08-06,estimate,0.079,76302000137533900,3412329176380700000,0.014,0.054,0.003,0.122,-0.119,0.397
1100122,2020-08-07,estimate,0.079,121471000199010000,5432348265893090000,0.024,0.064,-0.001,0.118,-0.107,0.418
1100122,2020-08-08,estimate,0.079,208842500262434000,9339720531814130000,0.02,0.06,-0.004,0.115,-0.104,0.431
1100122,2020-08-09,estimate,0.081,383617500308384000,17155896147163600000,0.016,0.056,-0.003,0.118,-0.099,0.451
1100122,2020-08-10,estimate,0.082,741810000316751000,33174751727775300000,0.017,0.056,-0.002,0.117,-0.1,0.464
1100122,2020-08-11,estimate,0.084,1482945000280150000,66319316537862300000,0.016,0.056,-0.001,0.119,-0.102,0.469
1100122,2020-08-12,estimate,0.084,3001980000211330000,1.34252626941892e+20,0.019,0.059,0.001,0.12,-0.103,0.473
1100122,2020-08-13,estimate,0.085,6017700000135530000,2.69119725364007e+20,0.015,0.055,0.002,0.122,-0.108,0.478
1100122,2020-08-14,estimate,0.087,11673350000074200000,5.22048082502942e+20,0.021,0.061,0.003,0.124,-0.101,0.485
1100122,2020-08-15,estimate,0.088,21420600000035200000,9.57958354376639e+20,0.013,0.053,0,0.12,-0.105,0.491
1100122,2020-08-16,estimate,0.088,36393900000014800000,1.62758468732659e+21,0.013,0.054,0,0.12,-0.105,0.486
1100122,2020-08-17,estimate,0.088,56159500000005800000,2.51152919164799e+21,0.013,0.054,0.007,0.126,-0.114,0.486
1100122,2020-08-18,estimate,0.088,77435000000002200000,3.46299847675392e+21,0.015,0.055,0.004,0.123,-0.107,0.495
1100122,2020-08-19,estimate,0.088,94202500000000900000,4.21286387300848e+21,0.016,0.055,0.001,0.12,-0.107,0.496
1100122,2020-08-20,estimate,0.088,1.00249e+20,4.48327157352753e+21,0.032,0.072,0.008,0.127,-0.106,0.502
1100122,2020-08-21,estimate,0.088,92933000000000200000,4.15609010705976e+21,0.013,0.053,-0.004,0.115,-0.107,0.487
1100122,2020-08-22,estimate,0.086,75072500000000100000,3.35734426481706e+21,0.014,0.054,-0.003,0.116,-0.111,0.477
1100122,2020-08-23,estimate,0.084,53100000000000100000,2.37470419210478e+21,0.022,0.062,0,0.119,-0.111,0.494
1100122,2020-08-24,estimate,0.08,33182350000000100000,1.4839598050638e+21,0.024,0.063,-0.004,0.115,-0.131,0.481
1100122,2020-08-25,estimate,0.08,1.855495e+19,8.29802590382194e+20,0.024,0.062,-0.005,0.113,-0.132,0.476
1100122,2020-08-26,estimate,0.079,9434100000000020000,4.21905778130615e+20,0.02,0.059,-0.009,0.11,-0.132,0.468
1100122,2020-08-27,estimate,0.078,4443145000000020000,1.98703485077766e+20,0.017,0.056,-0.003,0.115,-0.123,0.482
1100122,2020-08-28,estimate,0.076,1978330000000010000,88473607238543200000,0.017,0.057,-0.009,0.111,-0.123,0.476
1100122,2020-08-29,estimate,0.074,850850000000008000,38051168773113900000,0.016,0.056,-0.011,0.109,-0.144,0.451
1100122,2020-08-30,estimate,0.072,361242000000007000,16155233366559600000,0.015,0.055,-0.004,0.117,-0.143,0.443
1100122,2020-08-31,estimate,0.071,154657500000008000,6916493664603480000,0.013,0.053,-0.004,0.117,-0.134,0.45
1100122,2020-09-01,estimate,0.07,68120500000011500,3046441373225490000,0.015,0.053,-0.004,0.115,-0.132,0.455
1100122,2020-09-02,estimate,0.07,31435750000025200,1405849478473780000,0.015,0.053,-0.008,0.11,-0.148,0.427
1100122,2020-09-03,estimate,0.067,15440950000072700,690540276743506000,0.014,0.052,-0.01,0.108,-0.159,0.412
1100122,2020-09-04,estimate,0.066,8178300000242440,365744694807725000,0.009,0.047,-0.004,0.114,-0.12,0.444
1100122,2020-09-05,estimate,0.065,4716920000854950,210947075288547000,0.009,0.047,-0.007,0.111,-0.14,0.426
1100122,2020-09-06,estimate,0.063,2981870002999080,133353280401279000,0.01,0.047,-0.008,0.111,-0.141,0.422
1100122,2020-09-07,estimate,0.062,2072545009951850,92687030128323400,0.009,0.048,-0.018,0.1,-0.143,0.416
1100122,2020-09-08,estimate,0.061,1583465029863960,70814707599166000,0.003,0.042,-0.018,0.1,-0.119,0.433
1100122,2020-09-09,estimate,0.06,1325355077864260,59271677484642800,0.016,0.055,-0.012,0.107,-0.129,0.417
1100122,2020-09-10,estimate,0.059,1207650170501230,54007749856738500,0.013,0.052,-0.02,0.098,-0.12,0.422
1100122,2020-09-11,estimate,0.057,1187375305314670,53101024288847600,0.007,0.046,-0.021,0.098,-0.122,0.424
1100122,2020-09-12,estimate,0.056,1245925439020560,55719459887510300,0.006,0.046,-0.02,0.099,-0.164,0.378
1100122,2020-09-13,estimate,0.055,1377620502341900,61609039332031000,0.006,0.045,-0.022,0.097,-0.146,0.388
1100122,2020-09-14,estimate,0.054,1582890457595700,70788992807858500,0.004,0.042,-0.025,0.094,-0.15,0.382
1100122,2020-09-15,estimate,0.053,1862445335144480,83291072479595500,0.002,0.042,-0.026,0.095,-0.151,0.38
1100122,2020-09-16,estimate,0.052,2210840201121240,98871770543013600,0.008,0.046,-0.036,0.086,-0.153,0.374
1100122,2020-09-17,estimate,0.051,2609135101602020,116684064447205000,0.008,0.047,-0.011,0.111,-0.154,0.367
1100122,2020-09-18,estimate,0.051,3018710044701220,135000815286168000,0.004,0.044,-0.015,0.108,-0.154,0.353
1100122,2020-09-19,estimate,0.049,3379975017816090,151157077244598000,0.003,0.043,-0.018,0.104,-0.155,0.346
1100122,2020-09-20,estimate based on partial data,0.049,3620550006715450,161915918318587000,0.005,0.045,-0.021,0.102,-0.145,0.35
1100122,2020-09-21,estimate based on partial data,0.047,3674085002503570,164310076302190000,0.008,0.048,-0.037,0.085,-0.141,0.347
1100122,2020-09-22,estimate based on partial data,0.047,3504525000965180,156727122576927000,0.017,0.058,-0.039,0.085,-0.148,0.337
1100122,2020-09-23,estimate based on partial data,0.046,3124095000401410,139713775763335000,0.004,0.046,-0.021,0.102,-0.155,0.329
1100122,2020-09-24,estimate based on partial data,0.045,2593625000187100,115990436162854000,0.002,0.044,-0.021,0.102,-0.173,0.309
1100122,2020-09-25,estimate based on partial data,0.044,2002760000100930,89566150052347300,0.001,0.042,-0.034,0.089,-0.172,0.306
1100122,2020-09-26,estimate based on partial data,0.043,1439795000064600,64389589873284700,0.002,0.043,-0.03,0.092,-0.185,0.289
1100122,2020-09-27,estimate based on partial data,0.043,966615000049866,43228336961418100,0.001,0.042,-0.034,0.088,-0.178,0.3
1100122,2020-09-28,estimate based on partial data,0.042,609055000046759,27237767640721600,0.002,0.044,-0.038,0.083,-0.18,0.298
1100122,2020-09-29,estimate based on partial data,0.042,362602500053148,16216076776226200,0.017,0.056,-0.039,0.083,-0.188,0.294
1100122,2020-09-30,forecast,0.042,362602500053148,16216076776226200,0.017,0.056,-0.039,0.083,-0.188,0.294
1100122,2020-10-01,forecast,0.042,362602500053148,16216076776226200,0.017,0.056,-0.039,0.083,-0.188,0.294
1100122,2020-10-02,forecast,0.042,362602500053148,16216076776226200,0.017,0.056,-0.039,0.083,-0.188,0.294
1100122,2020-10-03,forecast,0.042,362602500053148,16216076776226200,0.017,0.056,-0.039,0.083,-0.188,0.294
1100122,2020-10-04,forecast,0.042,362602500053148,16216076776226200,0.017,0.056,-0.039,0.083,-0.188,0.294
1100122,2020-10-05,forecast,0.042,362602500053148,16216076776226200,0.017,0.056,-0.039,0.083,-0.188,0.294
1100122,2020-10-06,forecast,0.042,362602500053148,16216076776226200,0.017,0.056,-0.039,0.083,-0.188,0.294
1100130,2020-07-08,estimate,0.022,1.2427850227089e+58,5.55790348278335e+59,0.005,0.012,0.003,0.024,-0.011,0.133
1100130,2020-07-09,estimate,0.022,3.3074850276425e+57,1.47915225890599e+59,0.007,0.014,0.003,0.024,-0.014,0.131
1100130,2020-07-10,estimate,0.022,7.72070003289091e+56,3.45280200676917e+58,0.007,0.014,0.003,0.025,-0.008,0.137
1100130,2020-07-11,estimate,0.022,1.63359000383854e+56,7.30563657471918e+57,0.007,0.014,0.003,0.024,-0.011,0.136
1100130,2020-07-12,estimate,0.022,3.234175004451e+55,1.44636703022508e+57,0.007,0.014,0.003,0.025,-0.004,0.144
1100130,2020-07-13,estimate,0.022,6.1715000052422e+54,2.75997870462682e+56,0.007,0.013,0.003,0.025,-0.016,0.134
1100130,2020-07-14,estimate,0.022,1.16561000064625e+54,5.21276639050562e+55,0.007,0.014,0.003,0.025,-0.013,0.135
1100130,2020-07-15,estimate,0.022,2.22905000086488e+53,9.96861465048988e+54,0.007,0.014,0.003,0.025,-0.005,0.144
1100130,2020-07-16,estimate,0.022,4.3964550013088e+52,1.96615444800347e+54,0.007,0.014,0.004,0.025,-0.008,0.141
1100130,2020-07-17,estimate,0.022,9.0693500023368e+51,4.05593662234702e+53,0.007,0.014,0.004,0.025,-0.007,0.14
1100130,2020-07-18,estimate,0.022,1.97560500051312e+51,8.8351741533758e+52,0.005,0.012,0.003,0.025,-0.009,0.139
1100130,2020-07-19,estimate,0.022,4.56959000143878e+50,2.04358277386033e+52,0.005,0.012,0.004,0.025,-0.012,0.137
1100130,2020-07-20,estimate,0.022,1.12458500053145e+50,5.02929701295201e+51,0.005,0.012,0.003,0.025,-0.011,0.136
1100130,2020-07-21,estimate,0.022,2.94272500264366e+49,1.31602662781702e+51,0.005,0.012,0.003,0.025,-0.014,0.132
1100130,2020-07-22,estimate,0.022,8.166950017912e+48,3.65237107376437e+50,0.005,0.012,0.003,0.024,-0.012,0.135
1100130,2020-07-23,estimate,0.022,2.39597001652611e+48,1.07151035840634e+50,0.005,0.012,0.002,0.024,-0.01,0.136
1100130,2020-07-24,estimate,0.022,7.40710020542309e+47,3.31255582318178e+49,0.005,0.012,0.003,0.024,-0.012,0.134
1100130,2020-07-25,estimate,0.022,2.40825533849584e+47,1.07700437735503e+49,0.005,0.012,0.003,0.024,-0.011,0.134
1100130,2020-07-26,estimate,0.021,8.23500732138716e+46,3.68280395730526e+48,0.005,0.011,0.003,0.025,-0.01,0.133
1100130,2020-07-27,estimate,0.021,2.96989608670157e+46,1.32816847223611e+48,0.005,0.012,0.003,0.025,-0.015,0.127
1100130,2020-07-28,estimate,0.021,1.13646876830103e+46,5.082068037e+47,0.005,0.012,0.002,0.023,-0.011,0.129
1100130,2020-07-29,estimate,0.021,4.66174686000667e+45,2.08277177930632e+47,0.005,0.012,0.002,0.024,-0.012,0.129
1100130,2020-07-30,estimate,0.021,2.10036061000443e+45,9.26153164516993e+46,0.006,0.013,0.002,0.023,-0.012,0.131
1100130,2020-07-31,estimate,0.021,1.21576670000301e+45,4.62373257736506e+46,0.005,0.012,0.002,0.023,-0.016,0.127
1100130,2020-08-01,estimate,0.021,1.81275725000212e+45,6.11581356819167e+46,0.005,0.012,0.002,0.024,-0.015,0.129
1100130,2020-08-02,estimate,0.021,7.00150005000166e+45,2.97489509481095e+47,0.005,0.012,0.002,0.024,-0.015,0.13
1100130,2020-08-03,estimate,0.021,2.85056116350017e+46,1.26301689275628e+48,0.005,0.012,0.002,0.024,-0.014,0.131
1100130,2020-08-04,estimate,0.021,9.24460476450027e+46,4.12396538525793e+48,0.005,0.012,0.002,0.024,-0.016,0.129
1100130,2020-08-05,estimate,0.021,2.25201614910007e+47,1.00602939338089e+49,0.005,0.012,0.002,0.024,-0.014,0.133
1100130,2020-08-06,estimate,0.021,4.04069053655523e+47,1.80559344580206e+49,0.006,0.013,0.002,0.024,-0.015,0.132
1100130,2020-08-07,estimate,0.021,5.31979677505602e+47,2.37667194996961e+49,0.003,0.01,0.003,0.025,-0.016,0.133
1100130,2020-08-08,estimate,0.021,5.18372795817973e+47,2.31321526067915e+49,0.003,0.01,0.003,0.025,-0.015,0.134
1100130,2020-08-09,estimate,0.021,3.820172900371e+47,1.69535937621876e+49,0.003,0.01,0.003,0.025,-0.019,0.132
1100130,2020-08-10,estimate,0.021,2.24288900021726e+47,9.61278400091624e+48,0.004,0.011,0.002,0.024,-0.018,0.133
1100130,2020-08-11,estimate,0.021,1.35203700116856e+47,4.66319776740851e+48,0.004,0.011,0.002,0.024,-0.023,0.126
1100130,2020-08-12,estimate,0.02,2.18981100540305e+47,8.33020475864109e+48,0.004,0.011,0.002,0.024,-0.019,0.132
1100130,2020-08-13,estimate,0.02,1.03086945185586e+48,4.55860534165646e+49,0.004,0.011,0.002,0.024,-0.02,0.129
1100130,2020-08-14,estimate,0.02,6.38618193929946e+48,2.85451930182045e+50,0.004,0.011,0.003,0.025,-0.021,0.126
1100130,2020-08-15,estimate,0.02,4.30313463511672e+49,1.92438244355386e+51,0.004,0.011,0.003,0.025,-0.022,0.125
1100130,2020-08-16,estimate,0.02,2.98219703340102e+50,1.3336781479774e+52,0.004,0.011,0.003,0.025,-0.022,0.126
1100130,2020-08-17,estimate,0.02,2.02346004617231e+51,9.04918821940016e+52,0.004,0.011,0.003,0.025,-0.029,0.122
1100130,2020-08-18,estimate,0.02,1.27887000099622e+52,5.71928050876808e+53,0.004,0.011,0.003,0.025,-0.019,0.131
1100130,2020-08-19,estimate,0.02,7.16915000020344e+52,3.20614134817848e+54,0.004,0.011,0.003,0.025,-0.029,0.121
1100130,2020-08-20,estimate,0.02,3.40338000000388e+53,1.52203780665265e+55,0.004,0.011,0.003,0.025,-0.022,0.128
1100130,2020-08-21,estimate,0.02,1.31208500000007e+54,5.86782250451562e+55,0.004,0.011,0.002,0.025,-0.022,0.127
1100130,2020-08-22,estimate,0.02,3.96322500000001e+54,1.77240810202532e+56,0.004,0.011,0.003,0.025,-0.019,0.129
1100130,2020-08-23,estimate,0.02,9.11615e+54,4.07686621861694e+56,0.004,0.011,0.002,0.024,-0.021,0.127
1100130,2020-08-24,estimate,0.02,1.56524e+55,6.99996608220354e+56,0.004,0.011,0.002,0.024,-0.022,0.125
1100130,2020-08-25,estimate,0.02,1.984675e+55,8.87573642648879e+56,0.004,0.011,0.002,0.024,-0.02,0.127
1100130,2020-08-26,estimate,0.019,1.85624e+55,8.30135764510842e+56,0.004,0.011,0.002,0.024,-0.023,0.125
1100130,2020-08-27,estimate,0.02,1.291375e+55,5.77520456888758e+56,0.004,0.011,0.002,0.024,-0.022,0.125
1100130,2020-08-28,estimate,0.02,6.8003e+54,3.04118661347836e+56,0.004,0.011,0.002,0.024,-0.025,0.121
1100130,2020-08-29,estimate,0.019,2.78126e+54,1.24381728462021e+56,0.004,0.011,0.002,0.024,-0.024,0.121
1100130,2020-08-30,estimate,0.019,9.1297e+53,4.08292596283597e+55,0.003,0.01,0.002,0.024,-0.025,0.119
1100130,2020-08-31,estimate,0.019,2.499825e+53,1.11795572637068e+55,0.004,0.011,0.002,0.024,-0.025,0.12
1100130,2020-09-01,estimate,0.019,5.9578e+52,2.66440915926965e+54,0.004,0.011,0.003,0.025,-0.027,0.115
1100130,2020-09-02,estimate,0.019,1.292565e+52,5.78052641067403e+53,0.004,0.011,0.003,0.025,-0.026,0.116
1100130,2020-09-03,estimate,0.019,2.67099e+51,1.19450304144443e+53,0.004,0.01,0.002,0.024,-0.03,0.113
1100130,2020-09-04,estimate,0.019,5.4932e+50,2.45663372280037e+52,0.004,0.011,0.002,0.024,-0.029,0.111
1100130,2020-09-05,estimate,0.019,1.171395e+50,5.23863769700673e+51,0.004,0.011,0.002,0.024,-0.03,0.111
1100130,2020-09-06,estimate,0.019,2.68638e+49,1.20138565867918e+51,0.004,0.011,0.002,0.024,-0.028,0.114
1100130,2020-09-07,estimate,0.019,6.83365e+48,3.05610118688829e+50,0.004,0.011,0.002,0.024,-0.028,0.113
1100130,2020-09-08,estimate,0.019,1.97599e+48,8.83689592571962e+49,0.004,0.01,0.002,0.024,-0.029,0.11
1100130,2020-09-09,estimate,0.019,6.6093e+47,2.95576881673787e+49,0.004,0.011,0.002,0.024,-0.029,0.11
1100130,2020-09-10,estimate,0.019,2.583805e+47,1.15551272412077e+49,0.004,0.011,0.002,0.024,-0.03,0.109
1100130,2020-09-11,estimate,0.019,1.184635e+47,5.29784877705093e+48,0.004,0.011,0.001,0.024,-0.031,0.108
1100130,2020-09-12,estimate,0.018,6.35095e+46,2.84023118434046e+48,0.004,0.011,0.001,0.023,-0.025,0.114
1100130,2020-09-13,estimate,0.018,3.94743e+46,1.7653443632844e+48,0.004,0.011,0.001,0.023,-0.029,0.113
1100130,2020-09-14,estimate,0.018,2.807595e+46,1.2555946546577e+48,0.004,0.011,0,0.023,-0.021,0.121
1100130,2020-09-15,estimate,0.018,2.24797e+46,1.00532274627604e+48,0.004,0.011,0.002,0.024,-0.021,0.12
1100130,2020-09-16,estimate,0.018,1.989315e+46,8.89648713731999e+47,0.004,0.011,0.001,0.024,-0.024,0.117
1100130,2020-09-17,estimate,0.018,1.908935e+46,8.53701684925712e+47,0.004,0.011,0.001,0.023,-0.027,0.114
1100130,2020-09-18,estimate,0.018,1.94988e+46,8.72012845593458e+47,0.004,0.011,0.001,0.023,-0.028,0.112
1100130,2020-09-19,estimate,0.018,2.084595e+46,9.32259225111235e+47,0.004,0.011,0.001,0.023,-0.03,0.11
1100130,2020-09-20,estimate based on partial data,0.018,2.29931e+46,1.02828269226901e+48,0.004,0.011,0.001,0.023,-0.024,0.116
1100130,2020-09-21,estimate based on partial data,0.018,2.587475e+46,1.15715399801625e+48,0.004,0.011,-0.001,0.022,-0.027,0.114
1100130,2020-09-22,estimate based on partial data,0.018,2.947995e+46,1.3183834434659e+48,0.004,0.011,0,0.023,-0.027,0.115
1100130,2020-09-23,estimate based on partial data,0.018,3.386635e+46,1.514549214996e+48,0.004,0.011,0,0.023,-0.027,0.116
1100130,2020-09-24,estimate based on partial data,0.018,3.919805e+46,1.75299008770871e+48,0.004,0.011,0.002,0.024,-0.026,0.12
1100130,2020-09-25,estimate based on partial data,0.018,4.58031000000022e+46,2.04837690360441e+48,0.004,0.011,0.001,0.023,-0.026,0.12
1100130,2020-09-26,estimate based on partial data,0.018,5.42535000001977e+46,2.42629028034569e+48,0.004,0.011,0,0.022,-0.03,0.117
1100130,2020-09-27,estimate based on partial data,0.018,6.54820000132367e+46,2.92844406605253e+48,0.004,0.012,0,0.022,-0.027,0.12
1100130,2020-09-28,estimate based on partial data,0.018,8.095750061789e+46,3.62052946575496e+48,0.004,0.011,0.001,0.023,-0.027,0.12
1100130,2020-09-29,estimate based on partial data,0.018,1.0296051879995e+47,4.60453353952683e+48,0.004,0.011,0,0.022,-0.028,0.121
1100130,2020-09-30,forecast,0.018,1.0296051879995e+47,4.60453353952683e+48,0.004,0.011,0,0.022,-0.028,0.121
1100130,2020-10-01,forecast,0.018,1.0296051879995e+47,4.60453353952683e+48,0.004,0.011,0,0.022,-0.028,0.121
1100130,2020-10-02,forecast,0.018,1.0296051879995e+47,4.60453353952683e+48,0.004,0.011,0,0.022,-0.028,0.121
1100130,2020-10-03,forecast,0.018,1.0296051879995e+47,4.60453353952683e+48,0.004,0.011,0,0.022,-0.028,0.121
1100130,2020-10-04,forecast,0.018,1.0296051879995e+47,4.60453353952683e+48,0.004,0.011,0,0.022,-0.028,0.121
1100130,2020-10-05,forecast,0.018,1.0296051879995e+47,4.60453353952683e+48,0.004,0.011,0,0.022,-0.028,0.121
1100130,2020-10-06,forecast,0.018,1.0296051879995e+47,4.60453353952683e+48,0.004,0.011,0,0.022,-0.028,0.121
